,title,type,issue,date
0,Remarks by President Trump at Women’s Entrepreneurship Finance Event,Remarks,Economy & Jobs,"Jul 8, 2017"
1,Remarks by President Trump Before Bilateral Meeting with Prime Minister May of the United Kingdom,Remarks,Foreign Policy,"Jul 8, 2017"
2,Remarks by President Trump Before Bilateral Meeting with President Xi of China,Remarks,Foreign Policy,"Jul 8, 2017"
3,Remarks by President Trump and Prime Minister Lee Hsien Loong of Singapore Before Bilateral Meeting,Remarks,Foreign Policy,"Jul 8, 2017"
4,Remarks by President Trump and Prime Minister Abe of Japan Before Bilateral Meeting,Remarks,Foreign Policy,"Jul 8, 2017"
5,Readout of President Donald J. Trump’s Meeting with Prime Minister Theresa May of the United Kingdom,Statements & Releases,Foreign Policy,"Jul 8, 2017"
6,Readout of President Donald J. Trump’s Meeting with Prime Minister Shinzo Abe of Japan,Statements & Releases,Foreign Policy,"Jul 8, 2017"
7,Readout of President Donald J. Trump’s Meeting with President Xi Jinping of China,Statements & Releases,Foreign Policy,"Jul 8, 2017"
8,Readout of President Donald J. Trump’s Meeting with President Joko Widodo of Indonesia,Statements & Releases,Foreign Policy,"Jul 8, 2017"
9,Press Gaggle by Senior Administration Officials Aboard Air Force One en route Joint Base Andrews,Press Briefings,Other,"Jul 8, 2017"
10,Press Briefing on the President’s Meetings at the G20,Press Briefings,Other,"Jul 7, 2017"
11,Readout of President Donald J. Trump’s Meeting with President Enrique Peña Nieto of Mexico,Statements & Releases,Foreign Policy,"Jul 7, 2017"
12,Top Three Moments from President Trump’s Speech in Poland,Other,Foreign Policy,"Jul 6, 2017"
13,President Trump in Poland,Other,Foreign Policy,"Jul 6, 2017"
14,Remarks by the Vice President at Kennedy Space Center,Remarks,Infrastructure & Technology,"Jul 6, 2017"
15,Remarks by President Trump to the People of Poland,Remarks,Foreign Policy,"Jul 6, 2017"
16,Readout of the Vice President’s Call with President of the Republic of Cyprus Nicos Anastasiades and Turkish Cypriot Leader Mustafa Akinci,Statements & Releases,Foreign Policy,"Jul 6, 2017"
17,Readout of President Donald J. Trump’s Meeting with President Kolinda Grabar-Kitarovic of Croatia,Statements & Releases,Foreign Policy,"Jul 6, 2017"
18,Readout of President Donald J. Trump’s Meeting with Chancellor Angela Merkel of Germany,Statements & Releases,Foreign Policy,"Jul 6, 2017"
19,Washington Free Beacon’s Matthew Continetti: “President Trump’s Remarkable Warsaw Speech”,News Clips,Foreign Policy,"Jul 6, 2017"
20,President Trump Hosts Chibok Schoolgirls at the White House,Other,Law & Justice,"Jul 6, 2017"
21,President Trump Reaffirms America’s Commitment to its Allies on His Second Trip Abroad,Other,Foreign Policy,"Jul 6, 2017"
22,Statement from President Donald J. Trump on United States Secret Service 152nd Anniversary,Statements & Releases,Other,"Jul 5, 2017"
23,Readout of the Vice President’s Call with EU High Representative and Vice President Federica Mogherini,Statements & Releases,Foreign Policy,"Jul 5, 2017"
24,Readout of President Donald J. Trump’s Call with President Abdel Fattah Al Sisi of Egypt,Statements & Releases,Foreign Policy,"Jul 5, 2017"
25,Ivanka Trump on the Benefits of Paid Family Leave in Today’s WSJ,News Clips,Budget & Spending,"Jul 5, 2017"
26,"Statement from Kris Kobach, Kansas Secretary of State and Vice Chair of the Presidential Advisory Commission on Election Integrity",Statements & Releases,Law & Justice,"Jul 5, 2017"
27,Remarks by President Trump at 4th of July Military Appreciation Event,Remarks,Veterans,"Jul 4, 2017"
28,Readout of President Donald J. Trump’s Phone Call with Prime Minister Paolo Gentiloni of Italy,Statements & Releases,Foreign Policy,"Jul 3, 2017"
29,Readout of President Donald J. Trump’s Call with Lt. Col. Dick Cole,Statements & Releases,Veterans,"Jul 3, 2017"
30,Readout of President Donald J. Trump’s Call with Chancellor Angela Merkel of Germany,Statements & Releases,Foreign Policy,"Jul 3, 2017"
31,Readout of President Donald J. Trump’s Phone Call with Prime Minister Shinzo Abe of Japan,Statements & Releases,Foreign Policy,"Jul 2, 2017"
32,Readout of President Donald J. Trump’s Phone Call with President Xi Jinping of China,Statements & Releases,Foreign Policy,"Jul 2, 2017"
33,Readout of President Donald J. Trump’s Calls with Gulf State Leaders,Statements & Releases,Foreign Policy,"Jul 2, 2017"
34,President Trump Issues Executive Order on Reviving the National Space Council,Other,Infrastructure & Technology,"Jun 30, 2017"
35,President Trump Welcomes President Moon to the White House,Other,Foreign Policy,"Jun 30, 2017"
36,Remember All of Obamacare’s Broken Promises?,Other,Healthcare,"Jun 30, 2017"
37,Breaking the Beltway Mentality: Billions in New Spending Is Not a ‘Cut’,Other,Healthcare,"Jun 30, 2017"
38,CBO’s Failed Obamacare Enrollment Projections,Other,Healthcare,"Jun 30, 2017"
39,President Trump Vows to Usher in Golden Era of American Energy Dominance,Other,Energy & Environment,"Jun 30, 2017"
40,Remarks by the Vice President Introducing the President for an Executive Order on the National Space Council,Remarks,Infrastructure & Technology,"Jun 30, 2017"
41,"Remarks by President Trump, President Moon, Commerce Secretary Ross, and NEC Director Cohn in Bilateral Meeting",Remarks,Foreign Policy,"Jun 30, 2017"
42,Remarks by the President Signing an Executive Order on the National Space Council,Remarks,Infrastructure & Technology,"Jun 30, 2017"
43,Readout of President Donald J. Trump’s Call with President Recep Tayyip Erdogan of Turkey,Statements & Releases,Foreign Policy,"Jun 30, 2017"
44,Press Briefing by Principal Deputy Press Secretary Sarah Sanders,Press Briefings,Other,"Jun 30, 2017"
45,Presidential Executive Order on Reviving the National Space Council,Executive Orders,Infrastructure & Technology,"Jun 30, 2017"
46,President Donald J. Trump’s Weekly Address,Statements & Releases,Immigration,"Jun 30, 2017"
47,President Donald J. Trump Signs H.R. 1238 into Law,Statements & Releases,Land & Agriculture,"Jun 30, 2017"
48,"President Donald J. Trump Announces Presidential Delegation to Strasbourg, France and Speyer, Germany, to Attend the Funeral of Dr. Helmut J. M. Kohl, Former German Chancellor and Citizen of Honor of Europe",Statements & Releases,Foreign Policy,"Jun 30, 2017"
49,Joint Statement between the United States and the Republic of Korea,Statements & Releases,Foreign Policy,"Jun 30, 2017"
50,Arkansas Democrat-Gazette on Reforms to the Department of Veterans Affairs: “Make VA great again”,News Clips,Veterans,"Jun 30, 2017"
51,Three Nominations Sent to the Senate Today,Nominations & Appointments,Other,"Jun 29, 2017"
52,Text of a Letter from the President to the Speaker of the House of Representatives,Statements & Releases,Budget & Spending,"Jun 29, 2017"
53,Statement from President Donald J. Trump on House Passage of Kate’s Law and No Sanctuary for Criminals Act,Statements & Releases,Immigration,"Jun 29, 2017"
54,Seventeen Nominations Sent to the Senate Today,Nominations & Appointments,Other,"Jun 29, 2017"
55,The White House Hosts American Leadership in Emerging Technology Event,Other,Infrastructure & Technology,"Jun 29, 2017"
56,Remarks by Vice President Pence introducing President Trump at the Unleashing American Energy Event,Remarks,Energy & Environment,"Jun 29, 2017"
57,Remarks by President Trump at the Unleashing American Energy Event,Remarks,Energy & Environment,"Jun 29, 2017"
58,Remarks by the President at a Dinner with South Korean President Moon Jae-in,Remarks,Foreign Policy,"Jun 29, 2017"
59,Press Briefing on President Trump’s Upcoming Visit to Poland and Germany,Press Briefings,Foreign Policy,"Jun 29, 2017"
60,Presidential Proclamation to Modify Duty-Free Treatment Under the Generalized System of Preferences and for Other Purposes,Proclamations,Economy & Jobs,"Jun 29, 2017"
61,Presidential Memorandum for the Secretary of Homeland Security,Presidential Memoranda,National Security & Defense,"Jun 29, 2017"
62,President Donald J. Trump Announces Second Wave of United States Attorney Candidate Nominations,Nominations & Appointments,Law & Justice,"Jun 29, 2017"
63,President Donald J. Trump Announces Key Additions to his Administration,Nominations & Appointments,Other,"Jun 29, 2017"
64,President Donald J. Trump Announces Intent to Nominate Jerome M. Adams to the Public Health Service,Nominations & Appointments,Healthcare,"Jun 29, 2017"
65,AG Sessions: “Congress must pass Kate’s Law and make America safer”,News Clips,Immigration,"Jun 29, 2017"
66,Press Briefing by Principal Deputy Press Secretary Sarah Sanders and Treasury Secretary Mnuchin,Press Briefings,Other,"Jun 29, 2017"
67,Intern Series: South Carolina to the South Lawn,Other,Other,"Jun 29, 2017"
68,Intern Series: From Boots to Suits,Other,Economy & Jobs,"Jun 29, 2017"
69,President Trump’s Meeting With Immigration Crime Victims,Other,Immigration,"Jun 29, 2017"
70,President Trump Welcomes the Chicago Cubs to the White House,Other,Other,"Jun 29, 2017"
71,"Vice President Mike Pence to Travel to Estonia, Georgia, and Montenegro",Statements & Releases,Foreign Policy,"Jun 29, 2017"
72,Vice President Mike Pence to Attend Wreath-Laying Ceremony at Korean War Veterans Memorial,Statements & Releases,Veterans,"Jun 28, 2017"
73,Statement from the Press Secretary on President Donald J. Trump’s Visit to France on Bastille Day,Statements & Releases,Foreign Policy,"Jun 28, 2017"
74,Remarks by the Vice President in a Listening Session with Small Business Owners,Remarks,Economy & Jobs,"Jun 28, 2017"
75,Remarks by the Vice President on Healthcare,Remarks,Healthcare,"Jun 28, 2017"
76,Remarks by President Trump During Meeting with Immigration Crime Victims,Remarks,Immigration,"Jun 28, 2017"
77,"Remarks by President Trump and Secretary of Energy Rick Perry at Tribal, State, and Local Energy Roundtable",Remarks,Energy & Environment,"Jun 28, 2017"
78,President Donald J. Trump Taking Action Against Illegal Immigration,Fact Sheets,Immigration,"Jun 28, 2017"
79,Readout of the Vice President’s Call with the Presidential Advisory Commission on Election Integrity,Statements & Releases,Law & Justice,"Jun 28, 2017"
80,"President Trump Hosts Tribal, State, and Local Energy Roundtable",Other,Energy & Environment,"Jun 28, 2017"
81,"Vice President Mike Pence to Visit Cleveland, Ohio",Statements & Releases,Economy & Jobs,"Jun 27, 2017"
82,Statement from President Donald J. Trump on Post-Traumatic Stress Disorder (PTSD) Awareness Day,Statements & Releases,Veterans,"Jun 27, 2017"
83,Statement from President Donald J. Trump on National HIV Testing Day,Statements & Releases,Healthcare,"Jun 27, 2017"
84,Remarks by the Vice President to the US-India Business Council,Remarks,Foreign Policy,"Jun 27, 2017"
85,Remarks by President Trump at a Meeting with Republican Senators,Remarks,Healthcare,"Jun 27, 2017"
86,Readout of President Donald J. Trump’s Phone Call with Taoiseach Leo Varadkar of Ireland,Statements & Releases,Foreign Policy,"Jun 27, 2017"
87,Readout of President Donald J. Trump’s Phone Call with President Emmanuel Macron of France,Statements & Releases,Foreign Policy,"Jun 27, 2017"
88,Press Briefing by Secretary of Energy Rick Perry and Principal Deputy Press Secretary Sarah Sanders,Press Briefings,Other,"Jun 27, 2017"
89,President Donald J. Trump Unleashes America’s Energy Potential,Fact Sheets,Energy & Environment,"Jun 27, 2017"
90,President Donald J. Trump Signs S. 1083 into Law,Statements & Releases,Law & Justice,"Jun 27, 2017"
91,H.R. 3004 – Kate’s Law,Statements & Releases,Immigration,"Jun 27, 2017"
92,H.R. 3003 – No Sanctuary for Criminals Act,Statements & Releases,Immigration,"Jun 27, 2017"
93,Press Briefing by Press Secretary Sean Spicer,Press Briefings,Other,"Jun 26, 2017"
94,White House Statement on CBO Healthcare Report,Statements & Releases,Healthcare,"Jun 26, 2017"
95,United States and India: Prosperity Through Partnership,Fact Sheets,Foreign Policy,"Jun 26, 2017"
96,Statement from the Press Secretary,Statements & Releases,Foreign Policy,"Jun 26, 2017"
97,Statement from President Donald J. Trump on the International Day Against Drug Abuse and Illicit Trafficking,Statements & Releases,Healthcare,"Jun 26, 2017"
98,Statement from President Donald J. Trump,Statements & Releases,National Security & Defense,"Jun 26, 2017"
99,Remarks by President Trump and Prime Minister Modi of India in Joint Press Statement,Remarks,Foreign Policy,"Jun 26, 2017"
100,Remarks by President Trump and Prime Minister Modi of India Before a Dinner Reception,Remarks,Foreign Policy,"Jun 26, 2017"
101,Remarks by Homeland Security Advisor Thomas P. Bossert at Cyber Week 2017,Remarks,National Security & Defense,"Jun 26, 2017"
102,President Donald J. Trump Approves Nebraska Disaster Declaration,Statements & Releases,Land & Agriculture,"Jun 26, 2017"
103,HHS Secretary Price: The Senate plan takes a key step in turning health care reform from vision to reality,News Clips,Healthcare,"Jun 26, 2017"
104,The United States and India — Prosperity Through Partnership,Fact Sheets,Foreign Policy,"Jun 26, 2017"
105,Statement from the Press Secretary on the Terrorist Attacks in Pakistan,Statements & Releases,National Security & Defense,"Jun 25, 2017"
106,Statement from President Donald J. Trump on Eid al-Fitr,Statements & Releases,Other,"Jun 24, 2017"
107,President Donald J. Trump Approves Tennessee Disaster Declaration,Statements & Releases,Land & Agriculture,"Jun 24, 2017"
108,Technology Week Recap,Other,Infrastructure & Technology,"Jun 23, 2017"
109,President Trump and First Lady Melania Trump Host their First Congressional Picnic,Other,Other,"Jun 23, 2017"
110,Remarks by Vice President Pence to Troops,Remarks,National Security & Defense,"Jun 23, 2017"
111,Remarks by President Trump at Signing of the Veterans Accountability and Whistleblower Protection Act,Remarks,Veterans,"Jun 23, 2017"
112,Press Briefing by Press Secretary Sean Spicer,Press Briefings,Other,"Jun 23, 2017"
113,President Donald J. Trump’s Weekly Address,Statements & Releases,Healthcare,"Jun 23, 2017"
114,President Donald J. Trump Signs S. 1094 into Law,Statements & Releases,Law & Justice,"Jun 23, 2017"
115,National Review: Obamacare Failure Is on the Democrats,News Clips,Healthcare,"Jun 23, 2017"
116,First Lady Melania Trump Announces New Chief Usher,Statements & Releases,Other,"Jun 23, 2017"
117,Remarks by Vice President Pence at the Wilson Center,Remarks,Foreign Policy,"Jun 22, 2017"
118,Secretary Price Hosts Listening Session with Obamacare Victims,Other,Healthcare,"Jun 22, 2017"
119,President Trump Visits Kirkwood Community College,Other,Land & Agriculture,"Jun 22, 2017"
120,"Obamacare is Hurting Americans, Hear Their Stories",Other,Healthcare,"Jun 22, 2017"
121,Remarks by Vice President Pence at Associated Builders and Contractors Legislative Day,Remarks,Economy & Jobs,"Jun 22, 2017"
122,Remarks by President Trump and Vice President Pence at the Congressional Picnic,Remarks,Other,"Jun 22, 2017"
123,Remarks by President Trump at American Leadership in Emerging Technology Event,Remarks,Infrastructure & Technology,"Jun 22, 2017"
124,Remarks by President Trump on Agricultural Innovation,Remarks,Land & Agriculture,"Jun 22, 2017"
125,President Donald J. Trump Announces Presidential Delegation to Serbia to Attend the Inaugural Reception of His Excellency Aleksandar Vučić,Statements & Releases,Foreign Policy,"Jun 22, 2017"
126,President Donald J. Trump and First Lady Melania Trump to Host Congressional Picnic at the White House,Statements & Releases,Other,"Jun 22, 2017"
127,FCC’s Pai: “How The U.S. Can Win The Digital Future”,News Clips,Economy & Jobs,"Jun 22, 2017"
128,The Financial Times Reports on President Trump’s LNG Export Push,News Clips,Energy & Environment,"Jun 22, 2017"
129,One in Five New Yorkers Can Expect Double Digit Rate Hikes,Other,Healthcare,"Jun 21, 2017"
130,The American Technology Council Summit to Modernize Government Services,Other,Infrastructure & Technology,"Jun 21, 2017"
131,Remarks by Vice President Pence at National Summit on Crime Reduction and Public Safety,Remarks,Law & Justice,"Jun 21, 2017"
132,Readout of the Vice President’s Call with Turkish Cypriot Leader Mustafa Akinci,Statements & Releases,Foreign Policy,"Jun 21, 2017"
133,Readout of President Donald J. Trump’s Meeting with Cybersecurity and Energy Sector Representatives,Statements & Releases,National Security & Defense,"Jun 21, 2017"
134,Readout of President Donald J. Trump’s Call with Crown Prince Mohamed bin Salman of Saudi Arabia,Statements & Releases,Foreign Policy,"Jun 21, 2017"
135,"Readout of Jared Kushner, Jason Greenblatt, and Don Blome’s Meeting with President Mahmoud Abbas of the Palestinian Authority",Statements & Releases,Foreign Policy,"Jun 21, 2017"
136,"Readout of Jared Kushner, Jason Greenblatt, and David Friedman’s Meeting with Prime Minister Netanyahu of Israel",Statements & Releases,Foreign Policy,"Jun 21, 2017"
137,Press Gaggle by Deputy Press Secretary Lindsay Walters and Secretary of Agriculture Sonny Perdue,Press Briefings,Other,"Jun 21, 2017"
138,"Presidential Memorandum for the Secretary of Defense — Delegation of Authority under the Consolidated Appropriations Act, 2017",Presidential Memoranda,National Security & Defense,"Jun 21, 2017"
139,Presidential Executive Order Amending Executive Order 13597,Executive Orders,Law & Justice,"Jun 21, 2017"
140,A Message to the Congress of the United States on the Continuation of the National Emergency with Respect to North Korea,Presidential Memoranda,Foreign Policy,"Jun 21, 2017"
141,MT’s “Great Falls Tribune” Praises President Trump’s Beef Export Deal With China,News Clips,Economy & Jobs,"Jun 21, 2017"
142,Continuation of the National Emergency with Respect to North Korea,Statements & Releases,National Security & Defense,"Jun 21, 2017"
143,Remarks by President Trump and President Poroshenko of Ukraine,Remarks,Foreign Policy,"Jun 20, 2017"
144,Readout of the Vice President’s Meeting with Ukrainian President Petro Poroshenko,Statements & Releases,Foreign Policy,"Jun 20, 2017"
145,Readout of President Donald J. Trump’s Meeting with President Petro Poroshenko of Ukraine,Statements & Releases,Foreign Policy,"Jun 20, 2017"
146,H.R. 1551 – Modifying Advanced Nuclear Power Tax Credit,Statements & Releases,Energy & Environment,"Jun 20, 2017"
147,Four Nominations Sent to the Senate Today,Nominations & Appointments,Other,"Jun 20, 2017"
148,Press Briefing by Press Secretary Sean Spicer,Press Briefings,Other,"Jun 20, 2017"
149,Remarks by Vice President Pence at the National Association of Manufacturers Summit,Remarks,Economy & Jobs,"Jun 20, 2017"
150,Statement by President Donald J. Trump on the Passing of Otto Warmbier,Statements & Releases,Other,"Jun 19, 2017"
151,Remarks by President Trump During Roundtable with the American Technology Council,Remarks,Infrastructure & Technology,"Jun 19, 2017"
152,Remarks by President Trump and President Juan Carlos Varela of Panama During Bilateral Meeting,Statements & Releases,Foreign Policy,"Jun 19, 2017"
153,Readout of President Donald J. Trump’s Meeting with President Juan Carlos Varela of Panama,Statements & Releases,Foreign Policy,"Jun 19, 2017"
154,Readout of First Lady Melania Trump’s Lunch with Mrs. Lorena Castillo de Varela of Panama,Statements & Releases,Foreign Policy,"Jun 19, 2017"
155,Eleven Nominations Sent to the Senate Today,Nominations & Appointments,Other,"Jun 19, 2017"
156,Press Gaggle by Press Secretary Sean Spicer,Press Briefings,Other,"Jun 19, 2017"
157,Statement from the Press Secretary on President Donald J. Trump’s Personal Financial Disclosure Form,Statements & Releases,Other,"Jun 16, 2017"
158,Statement from President Donald J. Trump on the Passing of Helmut Kohl,Statements & Releases,Other,"Jun 16, 2017"
159,Remarks by the Vice President on the Policy of the United States Towards Cuba,Remarks,Foreign Policy,"Jun 16, 2017"
160,Remarks by President Trump on the Policy of the United States Towards Cuba,Remarks,Foreign Policy,"Jun 16, 2017"
161,Readout of President Donald J. Trump’s Call with Prime Minister Justin Trudeau of Canada,Statements & Releases,Foreign Policy,"Jun 16, 2017"
162,Readout of President Donald J. Trump’s Call with President Pedro Pablo Kuczynski of Peru,Statements & Releases,Foreign Policy,"Jun 16, 2017"
163,"Press Gaggle Aboard Air Force One en route Miami, Florida",Press Briefings,Other,"Jun 16, 2017"
164,President Donald J. Trump’s Weekly Address,Statements & Releases,Law & Justice,"Jun 16, 2017"
165,"President Donald J. Trump Proclaims June 18, 2017, as Father’s Day",Proclamations,Other,"Jun 16, 2017"
166,President Donald J. Trump Approves Kansas Disaster Declaration,Statements & Releases,Land & Agriculture,"Jun 16, 2017"
167,President Donald J. Trump Announces Key Additions to his Administration,Nominations & Appointments,Other,"Jun 16, 2017"
168,Miami Herald: “Trump Right To Make Cuba Pay For Its Intransigence”,News Clips,Foreign Policy,"Jun 16, 2017"
169,Fact Sheet on Cuba Policy,Fact Sheets,Foreign Policy,"Jun 16, 2017"
170,Secretary Perdue Hosts Inaugural Rural Prosperity Task Force Meeting,Other,Land & Agriculture,"Jun 16, 2017"
171,Fact Sheet on Cuba Policy,Other,Foreign Policy,"Jun 16, 2017"
172,Vice President Mike Pence to Travel to Central and South America,Statements & Releases,Foreign Policy,"Jun 15, 2017"
173,Secretary Acosta: “President Trump Knows: Apprenticeships Will Boost Wages And Fill Jobs”,News Clips,Economy & Jobs,"Jun 15, 2017"
174,Remarks by President Trump at Signing of an Executive Order on Apprenticeship and Workforce of Tomorrow Initiatives,Remarks,Economy & Jobs,"Jun 15, 2017"
175,Readout of the Vice President’s Meeting with President Jovenel Moise of Haiti,Statements & Releases,Foreign Policy,"Jun 15, 2017"
176,Readout of the Vice President’s Meeting with Honduran President Juan Orlando Hernandez,Statements & Releases,Foreign Policy,"Jun 15, 2017"
177,Readout of the Vice President’s Meeting with Guatemalan President Jimmy Morales,Statements & Releases,Foreign Policy,"Jun 15, 2017"
178,Readout of Vice President Pence’s Meeting with Vice President of El Salvador Oscar Ortiz,Statements & Releases,Foreign Policy,"Jun 15, 2017"
179,Press Gaggle by Principal Deputy Press Secretary Sarah Sanders,Press Briefings,Other,"Jun 15, 2017"
180,President Trump Leads on Workforce Development,Fact Sheets,Economy & Jobs,"Jun 15, 2017"
181,Presidential Executive Order Expanding Apprenticeships in America,Executive Orders,Economy & Jobs,"Jun 15, 2017"
182,President Donald J. Trump Approves Arkansas Disaster Declaration,Statements & Releases,Land & Agriculture,"Jun 15, 2017"
183,Message from President Donald J. Trump on the Congressional Baseball Game,Remarks,Other,"Jun 15, 2017"
184,Background Briefing on the President’s Cuba Policy,Press Briefings,Foreign Policy,"Jun 15, 2017"
185,Statement from the Press Secretary on the Army Birthday,Statements & Releases,Other,"Jun 14, 2017"
186,Statement by President Trump on the Shooting in Virginia,Remarks,Law & Justice,"Jun 14, 2017"
187,Statement from President Donald J. Trump,Statements & Releases,Other,"Jun 14, 2017"
188,"Presidential Memorandum for the Secretary of State, the Attorney General, the Secretary of Homeland Security, and the Director of National Intelligence",Presidential Memoranda,Law & Justice,"Jun 14, 2017"
189,President Donald J. Trump Signs H.R. 657 into Law,Statements & Releases,Law & Justice,"Jun 14, 2017"
190,"President Donald J. Trump Proclaims June 14, 2017, as Flag Day, and this week as National Flag Week",Proclamations,Other,"Jun 14, 2017"
191,H.R. 1215 – Protecting Access to Care Act of 2017,Statements & Releases,Healthcare,"Jun 14, 2017"
192,WSJ Editorial on Trump Administration “Cleaning Up The Superfund Mess”,News Clips,Energy & Environment,"Jun 13, 2017"
193,Letter from the President — National Emergencies Act,Statements & Releases,Foreign Policy,"Jun 13, 2017"
194,Letter from the President — Defense Production Act of 1950,Statements & Releases,Budget & Spending,"Jun 13, 2017"
195,Statement from the Press Secretary on the Visit of President Moon of the Republic of Korea,Statements & Releases,Foreign Policy,"Jun 13, 2017"
196,H.R. 2581 – Verify First Act,Statements & Releases,Immigration,"Jun 13, 2017"
197,Remarks by the Vice President on Healthcare,Remarks,Healthcare,"Jun 13, 2017"
198,"Remarks by President Trump, Ivanka Trump and Wisconsin Governor Walker at Workforce Development Roundtable Discussion",Remarks,Economy & Jobs,"Jun 13, 2017"
199,Remarks by President Trump on Healthcare,Remarks,Healthcare,"Jun 13, 2017"
200,Press Gaggle by Principal Deputy Press Secretary Sarah Sanders,Press Briefings,Other,"Jun 13, 2017"
201,Presidential Determination Pursuant to Section 4533(a)(5) of the Defense Production Act of 1950,Presidential Memoranda,National Security & Defense,"Jun 13, 2017"
202,President Donald J. Trump Announces Intent to Nominate Personnel to Key Administration Posts,Nominations & Appointments,Other,"Jun 13, 2017"
203,Letter from the President — Defense Production Act of 1950,Statements & Releases,National Security & Defense,"Jun 13, 2017"
204,Continuation of the National Emergency Declared in Executive Order 13405,Executive Orders,Land & Agriculture,"Jun 13, 2017"
205,Statement by the Press Secretary on Workforce Development Week,Statements & Releases,Economy & Jobs,"Jun 12, 2017"
206,Statement from the Press Secretary on the Visit of Prime Minister Narendra Modi of India,Statements & Releases,Foreign Policy,"Jun 12, 2017"
207,Statement from President Donald J. Trump on Men’s Health Week,Statements & Releases,Healthcare,"Jun 12, 2017"
208,Remarks by President Trump in Welcoming the 2016 NCAA National Football Champion Clemson Tigers,Remarks,Other,"Jun 12, 2017"
209,President Donald J. Trump Announces United States Attorney Candidate Nominations,Nominations & Appointments,Law & Justice,"Jun 12, 2017"
210,Ivanka Trump Previews the Trump Administration’s Workforce Development Week on Fox News’ “Fox and Friends”,News Clips,Economy & Jobs,"Jun 12, 2017"
211,Four Nominations Sent to the Senate Today,Nominations & Appointments,Other,"Jun 12, 2017"
212,Remarks by the Vice President to the Faith and Freedom Coalition,Remarks,Law & Justice,"Jun 10, 2017"
213,"Vice President Mike Pence to Discuss Healthcare in Milwaukee, WI",Statements & Releases,Healthcare,"Jun 9, 2017"
214,Statement by the Press Secretary on President Donald J. Trump’s Upcoming Foreign Travel,Statements & Releases,Foreign Policy,"Jun 9, 2017"
215,"Remarks to Troops and Family Members by the Vice President, Dobbins Air Reserve Base, GA",Remarks,National Security & Defense,"Jun 9, 2017"
216,Remarks by President Trump on Regulatory Relief,Remarks,Infrastructure & Technology,"Jun 9, 2017"
217,Remarks by President Trump and President Iohannis of Romania in a Joint Press Conference,Remarks,Foreign Policy,"Jun 9, 2017"
218,Readout of President Donald J. Trump’s Call with Prime Minister Theresa May of the United Kingdom,Statements & Releases,Foreign Policy,"Jun 9, 2017"
219,Readout of President Donald J. Trump’s Call with President Abdel Fattah Al Sisi of Egypt,Statements & Releases,Foreign Policy,"Jun 9, 2017"
220,President Donald J. Trump Announces Intended Appointments to the President’s Commission on White House Fellowships,Nominations & Appointments,Other,"Jun 9, 2017"
221,President Trump’s Plan to Rebuild America’s Infrastructure,Other,Infrastructure & Technology,"Jun 8, 2017"
222,WSJ Editorial: “The Death Of Obama’s Slush Funds”,News Clips,Budget & Spending,"Jun 8, 2017"
223,White House National Security Advisor and Director of the National Economic Council Announce Senior Staff Appointment,Nominations & Appointments,National Security & Defense,"Jun 8, 2017"
224,Remarks by Vice President Pence at Infrastructure Summit Working Luncheon,Remarks,Infrastructure & Technology,"Jun 8, 2017"
225,Remarks by President Trump at the Top of the Infrastructure Summit with Governors and Mayors,Remarks,Infrastructure & Technology,"Jun 8, 2017"
226,Remarks by President Trump at the Faith and Freedom Coalition’s Road to Majority Conference,Remarks,Law & Justice,"Jun 8, 2017"
227,Readout of the Vice President’s Meeting with Republic of Cyprus President Nicos Anastasiades,Statements & Releases,Foreign Policy,"Jun 8, 2017"
228,Press Gaggle by Principal Deputy Press Secretary Sarah Sanders,Press Briefings,Other,"Jun 8, 2017"
229,Statement by the President on the Terrorist Attacks in Iran,Statements & Releases,National Security & Defense,"Jun 7, 2017"
230,Readout of President Donald J. Trump’s Call with Amir Sheikh Tameem Bin Hamad Al Thani of Qatar,Statements & Releases,Foreign Policy,"Jun 7, 2017"
231,President Donald J. Trump Works to Rebuild American Infrastructure,Fact Sheets,Infrastructure & Technology,"Jun 7, 2017"
232,President Donald J. Trump Announces Judicial Candidate Nominations,Nominations & Appointments,Law & Justice,"Jun 7, 2017"
233,President Donald J. Trump Announces Intent to Nominate Lynn A. Johnson to be Assistant Secretary for the Administration for Children and Families Support at the Department of Health and Human Services,Nominations & Appointments,Healthcare,"Jun 7, 2017"
234,President Donald J. Trump Announces Intent to Nominate Christopher A. Wray to be Director of the Federal Bureau of Investigation,Nominations & Appointments,Law & Justice,"Jun 7, 2017"
235,Remarks by the Vice President at the 2017 Astronaut Selection Announcement,Remarks,Infrastructure & Technology,"Jun 7, 2017"
236,Six Interior Infrastructure Projects that Benefit the Public,Other,Energy & Environment,"Jun 7, 2017"
237,Twelve Nominations Sent to the Senate Today,Nominations & Appointments,Law & Justice,"Jun 7, 2017"
238,Text of a Letter from the President to the Speaker of the House of Representatives and the President Pro Tempore of the Senate,Statements & Releases,National Security & Defense,"Jun 6, 2017"
239,Statement by the President on the Signing of H.R. 366,Statements & Releases,Budget & Spending,"Jun 6, 2017"
240,Seventeen Nominations Sent to the Senate Today,Nominations & Appointments,Other,"Jun 6, 2017"
241,"Second Lady Karen Pence, Secretary Perdue Unveil Beehive at Vice President’s Residence, and Asks Public to Help Boost Pollinator Population",Statements & Releases,Land & Agriculture,"Jun 6, 2017"
242,Remarks by the Vice President at the National Catholic Prayer Breakfast,Remarks,Law & Justice,"Jun 6, 2017"
243,Readout of President Donald J. Trump’s Call with King Salman Bin Abdulaziz Al Saud of Saudi Arabia,Statements & Releases,Foreign Policy,"Jun 6, 2017"
244,President Donald J. Trump Signs H.R. 375 into Law,Statements & Releases,Law & Justice,"Jun 6, 2017"
245,President Donald J. Trump Signs H.R. 366 into Law,Statements & Releases,Law & Justice,"Jun 6, 2017"
246,President Donald J. Trump Announces Key Additions to his Administration,Nominations & Appointments,Other,"Jun 6, 2017"
247,Substitute Amendment to H.R. 10 – Financial CHOICE Act of 2017,Statements & Releases,Budget & Spending,"Jun 6, 2017"
248,Editorial Boards Praise President Trump’s Air Traffic Control Reform Plan,News Clips,Infrastructure & Technology,"Jun 6, 2017"
249,The Beginning of a “Great New Era in American Aviation”,Other,Infrastructure & Technology,"Jun 6, 2017"
250,Press Briefing by Principal Deputy Press Secretary Sarah Sanders and VA Secretary David Shulkin,Press Briefings,Other,"Jun 5, 2017"
251,President Donald J. Trump’s Principles for Reforming the U.S. Air Traffic Control System,Fact Sheets,Infrastructure & Technology,"Jun 5, 2017"
252,Statement from the Press Secretary on the Visit of President Juan Carlos Varela of Panama,Statements & Releases,Foreign Policy,"Jun 5, 2017"
253,Statement from the Press Secretary,Statements & Releases,Other,"Jun 5, 2017"
254,Remarks by Vice President Pence in Introducing President Trump at Announcement of Air Traffic Control Initiative,Remarks,Infrastructure & Technology,"Jun 5, 2017"
255,Remarks by the Vice President at a Listening Session on Healthcare with Women Entrepreneurs,Remarks,Healthcare,"Jun 5, 2017"
256,Remarks by President Trump at Announcement of Air Traffic Control Initiative,Remarks,Infrastructure & Technology,"Jun 5, 2017"
257,Readout of the Vice President’s Meeting with Prime Minister of Montenegro Dusko Markovic,Statements & Releases,Foreign Policy,"Jun 5, 2017"
258,Readout of U. S. National Security Advisor Lieutenant General H. R. McMaster’s Call with President Ashraf Ghani of Afghanistan,Statements & Releases,Foreign Policy,"Jun 5, 2017"
259,President Donald J. Trump Announces Intent to Nominate Personnel to Key Administration Posts,Nominations & Appointments,Other,"Jun 5, 2017"
260,President Donald J. Trump Announces Intent to Nominate Personnel to Key Administration Posts,Nominations & Appointments,Other,"Jun 5, 2017"
261,President Donald J. Trump and First Lady Melania Trump Host White House Reception to Honor Gold Star Families,Statements & Releases,Veterans,"Jun 5, 2017"
262,One Nomination Sent to the Senate Today,Nominations & Appointments,Other,"Jun 5, 2017"
263,Letter from the President to Members of Congress,Statements & Releases,Infrastructure & Technology,"Jun 5, 2017"
264,Former Transportation Secretaries Praise Air Traffic Control Reform,Statements & Releases,Infrastructure & Technology,"Jun 5, 2017"
265,Statement from President Donald J. Trump on National Cancer Survivors Day,Statements & Releases,Healthcare,"Jun 4, 2017"
266,President Donald J. Trump and First Lady Melania Trump Celebrate Ford’s Theatre,Statements & Releases,Other,"Jun 4, 2017"
267,Readout of President Donald J. Trump’s Call with Prime Minister Theresa May of the United Kingdom,Statements & Releases,Foreign Policy,"Jun 3, 2017"
268,Daily Press Briefing by Press Secretary Sean Spicer and EPA Administrator Scott Pruitt,Press Briefings,Other,"Jun 2, 2017"
269,Vice President Mike Pence to Participate in the Conference on Prosperity and Security in Central America,Statements & Releases,Foreign Policy,"Jun 2, 2017"
270,President Donald J. Trump’s Weekly Address,Statements & Releases,Foreign Policy,"Jun 2, 2017"
271,President Donald J. Trump Signs S. 419 and S. 583 into Law,Statements & Releases,Law & Justice,"Jun 2, 2017"
272,President Donald J. Trump Approves Missouri Disaster Declaration,Statements & Releases,Land & Agriculture,"Jun 2, 2017"
273,Editorial Boards Praise President Trump’s Paris Decision,News Clips,Energy & Environment,"Jun 2, 2017"
274,Statement on the American Embassy in Israel,Statements & Releases,Foreign Policy,"Jun 1, 2017"
275,"Readout of President Donald J. Trump’s Telephone Calls with Chancellor Angela Merkel of Germany, President Emmanuel Macron of France, Prime Minister Justin Trudeau of Canada, and Prime Minister Theresa May of the United Kingdom",Statements & Releases,Foreign Policy,"Jun 1, 2017"
276,President Trump Puts American Jobs First,Fact Sheets,Energy & Environment,"Jun 1, 2017"
277,Presidential Memorandum for the Secretary of State,Presidential Memoranda,Foreign Policy,"Jun 1, 2017"
278,President Donald J. Trump Announces the Appointment of Amul R. Thapar of Kentucky as a Circuit Judge on the United States Court of Appeals for the Sixth Circuit,Other,Law & Justice,"Jun 1, 2017"
279,President Donald J. Trump Approves New Hampshire Disaster Declaration,Statements & Releases,Land & Agriculture,"Jun 1, 2017"
280,Remarks by the Vice President Introducing President Trump’s Statement on the Paris Accord,Remarks,Energy & Environment,"Jun 1, 2017"
281,President Trump Announces U.S. Withdrawal From the Paris Climate Accord,Other,Energy & Environment,"Jun 1, 2017"
282,Statement by President Trump on the Paris Climate Accord,Remarks,Energy & Environment,"Jun 1, 2017"
283,Joint Statement for Enhancing the Comprehensive Partnership between the United States of America and the Socialist Republic of Vietnam,Statements & Releases,Foreign Policy,"May 31, 2017"
284,President Donald J. Trump Proclaims June 2017 as African-American Music Appreciation Month,Proclamations,Other,"May 31, 2017"
285,President Donald J. Trump Proclaims June 2017 as Great Outdoors Month,Proclamations,Other,"May 31, 2017"
286,President Donald J. Trump Proclaims June 2017 as National Caribbean-American Heritage Month,Proclamations,Other,"May 31, 2017"
287,President Donald J. Trump Proclaims June 2017 as National Homeownership Month,Proclamations,Other,"May 31, 2017"
288,President Donald J. Trump Proclaims June 2017 as National Ocean Month,Proclamations,Energy & Environment,"May 31, 2017"
289,Press Briefing by Secretary of Veterans Affairs David Shulkin,Press Briefings,Other,"May 31, 2017"
290,Readout of President Donald J. Trump’s Call with President Ashraf Ghani of Afghanistan,Statements & Releases,Foreign Policy,"May 31, 2017"
291,Statement from the Press Secretary on the Visit of President Klaus Iohannis of Romania,Statements & Releases,Foreign Policy,"May 31, 2017"
292,Remarks by President Trump at Arlington National Cemetery,Remarks,Other,"May 29, 2017"
293,Remarks by the Vice President at the Project Hero Bike Ride,Remarks,Veterans,"May 29, 2017"
294,President Donald J. Trump Announces Intent to Nominate Henry Kerner to the Office of Special Counsel,Nominations & Appointments,Other,"May 26, 2017"
295,President Donald J. Trump Approves Oklahoma Disaster Declaration,Statements & Releases,Land & Agriculture,"May 26, 2017"
296,President Donald J. Trump’s Weekly Address,Statements & Releases,Budget & Spending,"May 26, 2017"
297,Readout of President Donald J. Trump’s Meeting with Prime Minister Shinzo Abe of Japan,Statements & Releases,Foreign Policy,"May 26, 2017"
298,Remarks by the Vice President at the US Naval Academy Commencement Ceremony,Remarks,Other,"May 26, 2017"
299,Statement from President Donald J. Trump on Ramadan,Statements & Releases,Other,"May 26, 2017"
300,"Trump Administration Keeps its Promise: Begins Removing Violent Gang Members, Criminals, and Predators from American Communities",Statements & Releases,National Security & Defense,"May 26, 2017"
301,President Trump Meets with World Leaders Before the NATO Summit,Other,Foreign Policy,"May 26, 2017"
302,First Lady Melania Trump and Queen Mathilde of Belgium Participate in Forum to Protect Children from Online Exploitation,Statements & Releases,Education,"May 25, 2017"
303,Gingrich: “The President Just Made A Titanic Foreign Policy Shift. The Media Missed It.”,News Clips,Foreign Policy,"May 25, 2017"
304,Readout of President Donald J. Trump’s May 25th Working Lunch with President Emmanuel Macron of France,Statements & Releases,Foreign Policy,"May 25, 2017"
305,Readout of President Donald J. Trump’s Meeting with European Council President Donald Tusk and European Commission President Jean-Claude Juncker,Statements & Releases,Foreign Policy,"May 25, 2017"
306,Readout of President Donald J. Trump’s Meetings with the King Philippe and Queen Mathilde of Belgium and Prime Minister Charles Michel of Belgium,Statements & Releases,Foreign Policy,"May 25, 2017"
307,"Remarks by President Trump at NATO Unveiling of the Article 5 and Berlin Wall Memorials – Brussels, Belgium",Remarks,Foreign Policy,"May 25, 2017"
308,Statement from President Donald J. Trump,Statements & Releases,National Security & Defense,"May 25, 2017"
309,Statement from the Press Secretary on the United States’ Solidarity with the Philippines,Statements & Releases,Foreign Policy,"May 25, 2017"
310,Ten Nominations and One Withdrawal Sent to the Senate Today,Nominations & Appointments,Other,"May 25, 2017"
311,Readout of President Donald J. Trump’s Meetings with Italian President Sergio Mattarella and Prime Minister Paolo Gentiloni,Statements & Releases,Foreign Policy,"May 24, 2017"
312,Readout of President Donald J. Trump’s Meeting with His Holiness Pope Francis and Cardinal Secretary of State Pietro Parolin,Statements & Releases,Foreign Policy,"May 24, 2017"
313,President Donald J. Trump Announces Intent to Appoint the Following Individuals to the President’s Commission on White House Fellowships,Statements & Releases,Other,"May 24, 2017"
314,Strengthening the Bond Between the United States and Israel,Other,Foreign Policy,"May 24, 2017"
315,"Remarks by the Vice President at Cajun Industries, Baton Rouge, LA",Remarks,Budget & Spending,"May 24, 2017"
316,Statement from First Lady Melania Trump on her Visit to Bambino Gesu Children’s Hospital,Statements & Releases,Other,"May 24, 2017"
317,President Trump Meets with Italian Leaders in Rome,Other,Foreign Policy,"May 24, 2017"
318,The President and First Lady Meet with His Holiness Pope Francis at the Vatican,Other,Foreign Policy,"May 24, 2017"
319,Statement from the Press Secretary on the Visit of Prime Minister Nguyen Xuan Phuc of Vietnam,Statements & Releases,Foreign Policy,"May 23, 2017"
320,Statement of Extraordinary Summit of the Cooperation Council for the Arab States of the Gulf (GCC) and the United States of America,Statements & Releases,Foreign Policy,"May 23, 2017"
321,Remarks by President Trump at Yad Vashem,Remarks,Foreign Policy,"May 23, 2017"
322,Remarks by President Trump at the Israel Museum,Remarks,Foreign Policy,"May 23, 2017"
323,Remarks by President Trump and President Abbas of the Palestinian Authority in Joint Statements,Remarks,Foreign Policy,"May 23, 2017"
324,Remarks by President Trump and President Abbas of the Palestinian Authority in Joint Statements,Remarks,Foreign Policy,"May 23, 2017"
325,Readout of President Donald J. Trump’s Phone Call with Prime Minister Theresa May of the United Kingdom,Statements & Releases,Foreign Policy,"May 23, 2017"
326,Readout of Meeting Between President Donald J. Trump and President Mahmoud Abbas of the Palestinian Authority,Statements & Releases,Foreign Policy,"May 23, 2017"
327,Readout of Meeting Between President Donald J. Trump and Israeli Prime Minister Benjamin Netanyahu,Statements & Releases,Foreign Policy,"May 23, 2017"
328,Readout of Meeting Between President Donald J. Trump and Israeli President Reuven Rivlin,Statements & Releases,Foreign Policy,"May 23, 2017"
329,President Donald J. Trump Announces Intent to Nominate Personnel to Key Administration Posts,Nominations & Appointments,Other,"May 23, 2017"
330,Joint Statement Between the Kingdom of Saudi Arabia and the United States of America,Statements & Releases,Foreign Policy,"May 23, 2017"
331,President Trump’s First Budget Commits Significant Resources to Fight the Opioid Epidemic,Statements & Releases,Healthcare,"May 23, 2017"
332,Press Briefing on the FY2018 Budget,Press Briefings,Budget & Spending,"May 23, 2017"
333,President Trump Meets With Prime Minister Netanyahu of Israel,Other,Foreign Policy,"May 22, 2017"
334,President Trump Arrives in Israel,Other,Foreign Policy,"May 22, 2017"
335,President Donald J. Trump Announces Intent to Nominate Personnel to Key Administration Posts,Nominations & Appointments,Other,"May 22, 2017"
336,One Nomination Sent to the Senate Today,Nominations & Appointments,Other,"May 22, 2017"
337,Off-camera Briefing of the FY18 Budget by Office of Management and Budget Director Mick Mulvaney,Press Briefings,Other,"May 22, 2017"
338,President Trump Delivers Remarks at the Arab Islamic American Summit,Other,Foreign Policy,"May 21, 2017"
339,Readout of President Donald J. Trump’s Meeting with President Abdel Fattah Al Sisi of Egypt,Statements & Releases,Foreign Policy,"May 21, 2017"
340,President Trump’s Speech to the Arab Islamic American Summit,Statements & Releases,Foreign Policy,"May 21, 2017"
341,President Trump and King Salman Sign Arms Deal,Other,National Security & Defense,"May 20, 2017"
342,A Look Back at the U.S.-Saudi Friendship,Other,Foreign Policy,"May 20, 2017"
343,Statement from President Donald J. Trump on Cuban Independence Day,Statements & Releases,Other,"May 20, 2017"
344,Remarks by the Vice President at Grove City College Commencement,Remarks,Other,"May 20, 2017"
345,Readout of President Donald J. Trump’s Meetings with Saudi Arabia’s Leaders,Statements & Releases,Foreign Policy,"May 20, 2017"
346,Joint Strategic Vision Declaration for the United States of America and the Kingdom of Saudi Arabia,Statements & Releases,Other,"May 20, 2017"
347,Readout of the Vice President’s Meeting with President Juan Manuel Santos of Colombia,Statements & Releases,Foreign Policy,"May 19, 2017"
348,Readout of President Donald J. Trump’s Meeting with President Juan Manuel Santos of Colombia,Statements & Releases,Foreign Policy,"May 19, 2017"
349,President Donald J. Trump’s Weekly Address,Statements & Releases,Foreign Policy,"May 19, 2017"
350,President Donald J. Trump Proclaims the Third Saturday of Each May as Armed Forces Day,Proclamations,Other,"May 19, 2017"
351,"President Donald J. Trump Proclaims May 22, 2017, as National Maritime Day",Proclamations,Other,"May 19, 2017"
352,"President Donald J. Trump Proclaims May 21 through May 27, 2017, as National Safe Boating Week",Proclamations,Other,"May 19, 2017"
353,"President Donald J. Trump Proclaims May 21 through May 27, 2017, as Emergency Medical Services Week",Proclamations,Other,"May 19, 2017"
354,President Donald J. Trump Approves Idaho Disaster Declaration,Statements & Releases,Land & Agriculture,"May 19, 2017"
355,President Donald J. Trump Announces Key Additions to his Administration,Nominations & Appointments,Other,"May 19, 2017"
356,President Donald J. Trump Announces Intent to Nominate Kathleen Troia (“K.T.”) McFarland to be the United States Ambassador to the Republic of Singapore,Nominations & Appointments,Other,"May 19, 2017"
357,Fall 2017 White House Internship Program,Statements & Releases,Other,"May 19, 2017"
358,Remarks by President Trump and President Santos of Colombia in Joint Press Conference,Remarks,Foreign Policy,"May 18, 2017"
359,VA’s Commitment to Women Veterans,Other,Veterans,"May 18, 2017"
360,Three Nominations Sent to the Senate Today,Nominations & Appointments,Other,"May 18, 2017"
361,Remarks by the Vice President at the US Chamber of Commerce’s Invest in America Summit,Remarks,Economy & Jobs,"May 18, 2017"
362,President Donald J. Trump Announces Key Additions to his Administration,Nominations & Appointments,Other,"May 18, 2017"
363,Melania Trump Announces Inaugural Foreign Trip as First Lady of the United States,Statements & Releases,Other,"May 18, 2017"
364,Remarks by Vice President Pence at a Reception for Asian American and Pacific Islander Heritage Month,Remarks,Other,"May 17, 2017"
365,Remarks by President Trump at United States Coast Guard Academy Commencement Ceremony,Remarks,Other,"May 17, 2017"
366,"Presidential Memorandum for the Secretary of State, the Secretary of Treasury, and the Secretary of Energy",Presidential Memoranda,Other,"May 17, 2017"
367,President Donald J. Trump Signs H.J.Res. 66 into Law,Statements & Releases,Law & Justice,"May 17, 2017"
368,President Donald J. Trump Signs H.R. 274 into Law,Statements & Releases,Land & Agriculture,"May 16, 2017"
369,Text of a Letter from the President to the Congress of the United States,Statements & Releases,Other,"May 16, 2017"
370,Remarks by President Trump and President Erdogan of Turkey in Joint Statement,Remarks,Foreign Policy,"May 16, 2017"
371,President Donald J. Trump Announces Intent to Nominate Personnel to Key Administration Posts,Nominations & Appointments,Other,"May 16, 2017"
372,Notice Regarding the Continuation of the National Emergency with Respect to the Stabilization of Iraq,Statements & Releases,Foreign Policy,"May 16, 2017"
373,Nine Nominations Sent to the Senate Today,Nominations & Appointments,Other,"May 16, 2017"
374,Press Gaggle by Press Secretary Spicer,Press Briefings,Other,"May 16, 2017"
375,Remarks by the Vice President at the National Peace Officers” Memorial Service,Remarks,Other,"May 15, 2017"
376,Readout of President Donald J. Trump’s Meeting with Crown Prince Mohamed bin Zayed Al Nahyan of the United Arab Emirates,Statements & Releases,Foreign Policy,"May 15, 2017"
377,"President Donald J. Trump Proclaims May 15, 2017, as Peace Officers Memorial Day and May 14 through May 20, 2017, as Police Week",Proclamations,Other,"May 15, 2017"
378,President Donald J. Trump Announces Intent to Nominate Doug Manchester as Ambassador to the Bahamas,Nominations & Appointments,Foreign Policy,"May 15, 2017"
379,Statement from President Donald J. Trump on Women’s Health Week,Statements & Releases,Healthcare,"May 14, 2017"
380,Statement from the Press Secretary on the North Korea Missile Test,Statements & Releases,Foreign Policy,"May 13, 2017"
381,Press Briefing by Press Secretary Sean Spicer,Press Briefings,Other,"May 12, 2017"
382,White House Movie Theater Opened for East Wing Tours for the First Time in History,Statements & Releases,Other,"May 12, 2017"
383,President Trump Protects America’s Cyber Infrastructure,Fact Sheets,Infrastructure & Technology,"May 12, 2017"
384,President Donald J. Trump’s Weekly Address,Statements & Releases,Economy & Jobs,"May 12, 2017"
385,President Donald J. Trump Signs S. 496 into Law,Statements & Releases,Law & Justice,"May 12, 2017"
386,"President Donald J. Trump Proclaims May 14, 2017, as Mother’s Day",Proclamations,Other,"May 12, 2017"
387,"President Donald J. Trump Proclaims May 12, 2017, as Military Spouse Day",Proclamations,Other,"May 12, 2017"
388,"President Donald J. Trump Proclaims Friday, May 19, 2017, as National Defense Transportation Day and May 14 through May 20, 2017, as National Transportation Week",Proclamations,Other,"May 12, 2017"
389,President Donald J. Trump Announces Key Additions to his Administration,Presidential Memoranda,Other,"May 12, 2017"
390,WSJ Editorial Board: “Aetna Says Sayonara To Obamacare”,News Clips,Healthcare,"May 12, 2017"
391,Presidential Executive Order on the Establishment of Presidential Advisory Commission on Election Integrity,Executive Orders,Other,"May 11, 2017"
392,Vice President Mike Pence speaks at World Summit in Defense of Persecuted Christians,Other,Law & Justice,"May 11, 2017"
393,Secretary of Agriculture Sonny Perdue Hits the Ground Running,Other,Land & Agriculture,"May 11, 2017"
394,President Announces Formation of Bipartisan Presidential Commission on Election Integrity,Statements & Releases,Law & Justice,"May 11, 2017"
395,Press Briefing by Principal Deputy Press Secretary Sarah Sanders and Homeland Security Advisor Tom Bossert,Press Briefings,Other,"May 11, 2017"
396,Two Nominations Sent to the Senate Today,Nominations & Appointments,Other,"May 11, 2017"
397,Remarks by Vice President Pence at the World Summit in Defense of Persecuted Christians,Remarks,Foreign Policy,"May 11, 2017"
398,Presidential Executive Order on Strengthening the Cybersecurity of Federal Networks and Critical Infrastructure,Executive Orders,Infrastructure & Technology,"May 11, 2017"
399,Statement from the Press Secretary on the Visit of President Recep Tayyip Erdogan of Turkey,Statements & Releases,Foreign Policy,"May 10, 2017"
400,Readout of Vice President Mike Pence’s Meeting with Foreign Minister Pavlo Klimkin of Ukraine,Statements & Releases,Foreign Policy,"May 10, 2017"
401,Readout of President Donald J. Trump’s Meeting with Foreign Minister Sergey Lavrov of Russia,Statements & Releases,Foreign Policy,"May 10, 2017"
402,Readout of President Donald J. Trump’s Call with President Moon Jae-in of the Republic of Korea,Statements & Releases,Foreign Policy,"May 10, 2017"
403,President Donald J. Trump Announces Presidential Delegation to Commemorate the 15th Anniversary of Timor-Leste Independence and Attend the Presidential Inauguration of His Excellency Francisco Guterres,Nominations & Appointments,Other,"May 10, 2017"
404,President Donald J. Trump Announces Key Additions to his Administration,Nominations & Appointments,Other,"May 10, 2017"
405,Nine Nominations Sent to the Senate Today,Nominations & Appointments,Other,"May 10, 2017"
406,Daily Press Briefing by Principal Deputy Press Secretary Sarah Sanders,Press Briefings,Other,"May 10, 2017"
407,Text of a Letter from the President to the Speaker of the House of Representatives and the President of the Senate,Statements & Releases,Foreign Policy,"May 9, 2017"
408,Statement from the Press Secretary,Statements & Releases,Other,"May 9, 2017"
409,Statement from the Press Secretary,Statements & Releases,Foreign Policy,"May 9, 2017"
410,Remarks by the Vice President and Mrs. Pence to Military Families,Remarks,Other,"May 9, 2017"
411,Notice Regarding the Continuation of the National Emergency with Respect to the Central African Republic,Statements & Releases,Foreign Policy,"May 9, 2017"
412,Notice Regarding the Continuation of the National Emergency with Respect to the Actions of the Government of Syria,Statements & Releases,Foreign Policy,"May 9, 2017"
413,Honoring our Veterans this National Military Appreciation Month,Other,Veterans,"May 9, 2017"
414,Notice Regarding the Continuation of the National Emergency with Respect to Yemen,Executive Orders,Foreign Policy,"May 9, 2017"
415,Daily Press Briefing by Press Secretary Sean Spicer,Press Briefings,Other,"May 9, 2017"
416,Readout of the Vice President’s Meeting with Georgian Prime Minister Giorgi Kvirikashvili,Statements & Releases,Foreign Policy,"May 8, 2017"
417,Text of a Letter from the President to the Speaker of the House of Representatives and the President of the Senate,Statements & Releases,Foreign Policy,"May 8, 2017"
418,Remarks by the Vice President Honoring Public Service Recognition Week and National Military Appreciation Month,Remarks,Other,"May 8, 2017"
419,Republicans just took a major step toward rescuing Americans from Obamacare,Other,Healthcare,"May 8, 2017"
420,Readout of President Donald J. Trump’s Call with President-Elect Emmanuel Macron of France,Statements & Releases,Foreign Policy,"May 8, 2017"
421,President Donald J. Trump Signs H.R. 534 into Law,Statements & Releases,Law & Justice,"May 8, 2017"
422,President Donald J. Trump Announces Intent to Nominate Personnel to Key Administration Posts,Nominations & Appointments,Other,"May 8, 2017"
423,Nine Nominations Sent to the Senate Today,Nominations & Appointments,Other,"May 8, 2017"
424,Daily Press Briefing by Press Secretary Sean Spicer,Press Briefings,Other,"May 8, 2017"
425,Statement from the Press Secretary,Statements & Releases,Foreign Policy,"May 7, 2017"
426,Statement from President Donald J. Trump on Historically Black Colleges and Universities,Statements & Releases,Education,"May 7, 2017"
427,Readout of the Meeting Between National Security Advisor H.R. McMaster and Venezuelan National Assembly President Julio Borges,Statements & Releases,Foreign Policy,"May 6, 2017"
428,Readout of President Donald J. Trump’s Call with President Pedro Pablo Kuczynski of Peru,Statements & Releases,Foreign Policy,"May 6, 2017"
429,Text of a Letter from the President to the Speaker of the House of Representatives and the President of the Senate,Statements & Releases,Budget & Spending,"May 6, 2017"
430,President Trump Tells Incredible Story of an American War Hero,Other,Other,"May 5, 2017"
431,Statement by President Donald J. Trump on Signing H.R. 244 into Law,Statements & Releases,Law & Justice,"May 5, 2017"
432,Statement from President Donald J. Trump on Cinco de Mayo,Statements & Releases,Other,"May 5, 2017"
433,Readout of the Meeting between President Donald J. Trump and Prime Minister Malcolm Turnbull of Australia,Statements & Releases,Foreign Policy,"May 5, 2017"
434,President Donald J. Trump’s Weekly Address,Statements & Releases,Economy & Jobs,"May 5, 2017"
435,President Donald J. Trump Signs H.R. 244 into Law,Statements & Releases,Law & Justice,"May 5, 2017"
436,"President Donald J. Trump Proclaims May 7 through May 13, 2017, as Public Service Recognition Week",Proclamations,Other,"May 5, 2017"
437,"President Donald J. Trump Proclaims May 7 through May 13, 2017, as National Hurricane Preparedness Week",Proclamations,Land & Agriculture,"May 5, 2017"
438,President Trump Hosts Faith Leaders at the White House,Other,Law & Justice,"May 4, 2017"
439,Marking a Milestone for School Choice,Other,Education,"May 4, 2017"
440,Remarks by Vice President Pence at Cinco de Mayo Reception,Remarks,Other,"May 4, 2017"
441,Remarks by President Trump at the National Day of Prayer Event and Signing of the Executive Order on Promoting Free Speech and Religious Liberty,Remarks,Law & Justice,"May 4, 2017"
442,Statement from the Press Secretary on the Visit of President Santos of Colombia,Statements & Releases,Foreign Policy,"May 4, 2017"
443,Remarks by Vice President Pence at Susan B. Anthony List Campaign for Life Gala,Remarks,Healthcare,"May 4, 2017"
444,Remarks by President Trump on Healthcare Vote in the House of Representatives,Remarks,Healthcare,"May 4, 2017"
445,Press Gaggle by Principal Deputy Press Secretary Sarah Sanders,Press Briefings,Other,"May 4, 2017"
446,Presidential Executive Order Promoting Free Speech and Religious Liberty,Executive Orders,Law & Justice,"May 4, 2017"
447,"President Donald J. Trump Proclaims May 4, 2017, as a National Day of Prayer",Proclamations,Other,"May 4, 2017"
448,House Advances American Health Care Act,Fact Sheets,Healthcare,"May 4, 2017"
449,My First Day as the Secretary of Labor,Other,Economy & Jobs,"May 3, 2017"
450,Remarks by Vice President Pence at a School Choice Event,Remarks,Education,"May 3, 2017"
451,Remarks by President Trump and President Abbas of the Palestinian Authority in Joint Statement,Remarks,Foreign Policy,"May 3, 2017"
452,Readout of the Meeting between President Donald J. Trump and President Mahmoud Abbas of the Palestinian Authority,Statements & Releases,Foreign Policy,"May 3, 2017"
453,President Donald J. Trump Announces Intent to Designate Eli H. Miller as Acting Director of the Asian Development Bank and Acting United States Director of the European Bank for Reconstruction and Development,Nominations & Appointments,Other,"May 3, 2017"
454,Press Briefing by Press Secretary Sean Spicer,Press Briefings,Other,"May 3, 2017"
455,"H.R. 244 — Consolidated Appropriations Act, 2017",Statements & Releases,Law & Justice,"May 2, 2017"
456,Two Nominations Sent to the Senate,Nominations & Appointments,Other,"May 2, 2017"
457,Remarks by Vice President Pence at an Israel Independence Day Commemoration Event,Remarks,Foreign Policy,"May 2, 2017"
458,Remarks by President Trump at Presentation of the Commander-in-Chief Trophy to the United States Air Force Academy,Remarks,Other,"May 2, 2017"
459,Readout of President Donald J. Trump’s Call with President Vladimir Putin of the Russian Federation,Statements & Releases,Foreign Policy,"May 2, 2017"
460,WSJ Ed Board on How AHCA Covers People with Pre-Existing Conditions,News Clips,Healthcare,"May 2, 2017"
461,Celebrating National Small Business Week,Other,Economy & Jobs,"May 1, 2017"
462,Press Briefing by Press Secretary Sean Spicer,Press Briefings,Other,"May 1, 2017"
463,Remarks by the Vice President to Small Business Week Awards Program,Remarks,Economy & Jobs,"May 1, 2017"
464,Remarks by the Vice President to Independent Community Bankers of America,Remarks,Economy & Jobs,"May 1, 2017"
465,Press Call by Director of Legislative Affairs Marc Short With Conservative Media on the Funding Bills,Press Briefings,Other,"May 1, 2017"
466,"Press Briefing by Office of Management and Budget Director Mick Mulvaney on the Consolidated Appropriations Act, 2017",Press Briefings,Other,"May 1, 2017"
467,Presidential Executive Order on the Establishment of the American Technology Council,Executive Orders,Infrastructure & Technology,"May 1, 2017"
468,President Donald J. Trump Proclaims May 2017 as National Mental Health Awareness Month,Proclamations,Other,"May 1, 2017"
469,"President Donald J. Trump Proclaims May 1, 2017, as Law Day, U.S.A",Proclamations,Other,"May 1, 2017"
470,President Donald J. Trump Announces Intent to Appoint Governors to the Council of Governors,Nominations & Appointments,Other,"May 1, 2017"
471,Readout of President Donald J. Trump’s Call with Prime Minister Prayut Chan-ocha‎ of Thailand,Statements & Releases,Foreign Policy,"Apr 30, 2017"
472,Readout of President Donald J. Trump’s Call with Prime Minister Lee Hsien Loong of Singapore,Statements & Releases,Foreign Policy,"Apr 30, 2017"
473,Presidential Executive Order on Establishment of Office of Trade and Manufacturing Policy,Executive Orders,Economy & Jobs,"Apr 29, 2017"
474,Presidential Executive Order Addressing Trade Agreement Violations and Abuses,Executive Orders,Economy & Jobs,"Apr 29, 2017"
475,Remarks by the Vice President at the Christening of the USS Indiana,Remarks,Other,"Apr 29, 2017"
476,Remarks by President Trump at Signing of Executive Orders on Trade,Remarks,Economy & Jobs,"Apr 29, 2017"
477,Readout of President Donald J. Trump’s Call with President Rodrigo Duterte of the Philippines,Statements & Releases,Foreign Policy,"Apr 29, 2017"
478,"Press Gaggle by Press Secretary Sean Spicer en route Atlanta, GA",Press Briefings,Other,"Apr 28, 2017"
479,President Donald J. Trump’s Weekly Address,Statements & Releases,Other,"Apr 28, 2017"
480,President Donald J. Trump Proclaims May 2017 as Older Americans Month,Proclamations,Other,"Apr 28, 2017"
481,"President Donald J. Trump Proclaims May 2017, as National Physical Fitness and Sports Month",Proclamations,Other,"Apr 28, 2017"
482,President Donald J. Trump Proclaims May 2017 as Jewish American Heritage Month,Proclamations,Other,"Apr 28, 2017"
483,President Donald J. Trump Proclaims May 2017 as Asian American and Pacific Islander Heritage Month,Proclamations,Other,"Apr 28, 2017"
484,"President Donald J. Trump Proclaims May 1, 2017, as Loyalty Day",Proclamations,Other,"Apr 28, 2017"
485,"President Donald J. Trump Proclaims April 30 through May 6, 2017, as Small Business Week",Proclamations,Economy & Jobs,"Apr 28, 2017"
486,"President Donald J. Trump Proclaims April 30 through May 6, 2017, as National Charter Schools Week",Proclamations,Education,"Apr 28, 2017"
487,President Donald J. Trump Announces Key Additions to his Administration,Nominations & Appointments,Other,"Apr 28, 2017"
488,Five Nominations Sent to the Senate,Nominations & Appointments,Other,"Apr 28, 2017"
489,Donald J. Trump Proclaims May 2017 as National Foster Care Month,Proclamations,Other,"Apr 28, 2017"
490,Statement by the Press Secretary on North Korea’s Missile Test,Statements & Releases,Foreign Policy,"Apr 28, 2017"
491,Remarks by Vice President Pence at Swearing-In Ceremony for Secretary of Labor Alexander Acosta,Remarks,Other,"Apr 28, 2017"
492,Remarks by President Trump at Signing of Executive Order on an America-First Offshore Energy Strategy,Remarks,Infrastructure & Technology,"Apr 28, 2017"
493,Remarks by President Trump at the National Rifle Association Leadership Forum,Remarks,Law & Justice,"Apr 28, 2017"
494,President Trump Signs Executive Order Promoting Agriculture and Rural Prosperity in America,Other,Land & Agriculture,"Apr 27, 2017"
495,President Trump Signs Executive Order on the Antiquities Act,Other,Land & Agriculture,"Apr 27, 2017"
496,Remarks by President Trump in Meeting with President Macri of Argentina,Remarks,Foreign Policy,"Apr 27, 2017"
497,President Trump’s 100 Days of Security and Safety,Fact Sheets,Other,"Apr 27, 2017"
498,President Trump’s 100 Days of Accountability,Fact Sheets,Other,"Apr 27, 2017"
499,Presidential Memorandum for the Secretary of Commerce,Presidential Memoranda,Economy & Jobs,"Apr 27, 2017"
500,Presidential Executive Order on Improving Accountability and Whistleblower Protection at the Department of Veterans Affairs,Executive Orders,Veterans,"Apr 27, 2017"
501,President Donald J. Trump Stands up for American-Made Aluminum,Statements & Releases,Economy & Jobs,"Apr 27, 2017"
502,Joint Statement from President Donald J. Trump and President Mauricio Macri,Statements & Releases,Foreign Policy,"Apr 27, 2017"
503,Daily Press Briefing by Press Secretary Sean Spicer,Press Briefings,Other,"Apr 27, 2017"
504,Readout of President Donald J. Trump’s Call with President Peña Nieto of Mexico and Prime Minister Trudeau of Canada,Statements & Releases,Foreign Policy,"Apr 26, 2017"
505,President Trump Proposed a Massive Tax Cut. Here’s What You Need to Know.,Other,Budget & Spending,"Apr 26, 2017"
506,Remarks by President Trump at Signing of Executive Order on Federalism Education,Remarks,Education,"Apr 26, 2017"
507,Remarks by President Trump at Signing of Executive Order on the Antiquities Act,Remarks,Land & Agriculture,"Apr 26, 2017"
508,Remarks by President Trump at National Teacher of the Year Event,Remarks,Other,"Apr 26, 2017"
509,On-the-Record Press Call on the Education Federalism Executive Order,Press Briefings,Other,"Apr 26, 2017"
510,Press Briefing by Secretary of Veterans Affairs David Shulkin on Executive Order Improving Accountability and Whistleblower Protections,Press Briefings,Other,"Apr 26, 2017"
511,Presidential Executive Order on the Review of Designations Under the Antiquities Act,Executive Orders,Land & Agriculture,"Apr 26, 2017"
512,Presidential Executive Order on Enforcing Statutory Prohibitions on Federal Control of Education,Executive Orders,Education,"Apr 26, 2017"
513,Budgetary Impact Analysis for Executive Order Entitled “Identifying and Reducing Tax Regulatory Burdens”,Statements & Releases,Budget & Spending,"Apr 26, 2017"
514,Briefing by Secretary of the Treasury Steven Mnuchin and Director of the National Economic Council Gary Cohn,Press Briefings,Other,"Apr 26, 2017"
515,Background Briefing on the First 100 Days,Press Briefings,Other,"Apr 26, 2017"
516,President Trump’s 100 Days of Historic Accomplishments,Fact Sheets,Other,"Apr 25, 2017"
517,Presidential Executive Order on Promoting Agriculture and Rural Prosperity in America,Executive Orders,Land & Agriculture,"Apr 25, 2017"
518,President Donald J. Trump Announces Appointment of Randolph D. Alles to be Director of the United States Secret Service,Nominations & Appointments,National Security & Defense,"Apr 25, 2017"
519,List of Foreign Ambassadors Who Participated in Credentialing Ceremony,Statements & Releases,Foreign Policy,"Apr 25, 2017"
520,President Trump’s First 100 Days,Other,Other,"Apr 25, 2017"
521,Remarks by the Vice President at a Meeting with US and Indonesian Business Leaders,Remarks,Foreign Policy,"Apr 25, 2017"
522,Press Briefing by Press Secretary Sean Spicer and Secretary of Commerce Wilbur Ross,Press Briefings,Other,"Apr 25, 2017"
523,Statement on Sanctuary Cities Ruling,Statements & Releases,Law & Justice,"Apr 25, 2017"
524,Remarks by President Trump at United States Holocaust Memorial Museum National Days of Remembrance,Remarks,Other,"Apr 25, 2017"
525,Remarks by President Trump in Farmers Roundtable and Executive Order Signing Promoting Agriculture and Rural Prosperity in America,Remarks,Land & Agriculture,"Apr 25, 2017"
526,Press Briefing by Secretary of Interior Ryan Zinke on the Executive Order to Review the Designations Under the Antiquities Act,Press Briefings,Other,"Apr 25, 2017"
527,The President of the United States Will Travel to New York City to Commemorate the 75th Anniversary of the Battle of the Coral Sea and to Conduct a Bilateral Meeting with Prime Minister Malcolm Turnbull of Australia,Statements & Releases,Foreign Policy,"Apr 25, 2017"
528,President Trump’s 100 Days of Historic Accomplishments,Fact Sheets,Other,"Apr 25, 2017"
529,Statement by President Donald J. Trump on Armenian Remembrance Day 2017,Statements & Releases,Other,"Apr 24, 2017"
530,"Remarks to the Troops by the Vice President, Honolulu, HI",Remarks,National Security & Defense,"Apr 24, 2017"
531,Remarks by President Trump at a Working Lunch with U.N. Security Council Ambassadors,Remarks,Foreign Policy,"Apr 24, 2017"
532,Remarks by President Trump in Video Call with NASA Astronauts Aboard the International Space Station,Remarks,Infrastructure & Technology,"Apr 24, 2017"
533,On-the-Record Press Briefing on the President’s Executive Order Promoting Agriculture and Rural Prosperity,Press Briefings,Energy & Environment,"Apr 24, 2017"
534,Remarks by the Vice President to the US/ROK Business Community,Remarks,Foreign Policy,"Apr 24, 2017"
535,Top Highlights From Sunday’s Shows,Statements & Releases,Other,"Apr 23, 2017"
536,Remarks by the Vice President to the US-Australian Business Community,Remarks,Foreign Policy,"Apr 22, 2017"
537,Remarks by the Vice President and Australian Prime Minister Turnbull at a Press Conference,Remarks,Foreign Policy,"Apr 22, 2017"
538,Statement from President Donald J. Trump on Earth Day,Statements & Releases,Energy & Environment,"Apr 22, 2017"
539,Readout of the Vice President’s Meetings with Australian Officials,Statements & Releases,Foreign Policy,"Apr 22, 2017"
540,POTUS to Call Space to Congratulate Record Breaking Astronaut Peggy Whitson,Other,Infrastructure & Technology,"Apr 21, 2017"
541,Remarks by President Trump at Signing of Financial Services Executive Orders,Remarks,Budget & Spending,"Apr 21, 2017"
542,President Trump Approves Washington Disaster Declaration,Statements & Releases,Land & Agriculture,"Apr 21, 2017"
543,President Trump Approves Utah Disaster Declaration,Statements & Releases,Land & Agriculture,"Apr 21, 2017"
544,President Trump Approves Idaho Disaster Declaration,Statements & Releases,Land & Agriculture,"Apr 21, 2017"
545,Presidential Memorandum for the Secretary of the Treasury,Presidential Memoranda,Budget & Spending,"Apr 21, 2017"
546,Presidential Executive Order on Identifying and Reducing Tax Regulatory Burdens,Executive Orders,Budget & Spending,"Apr 21, 2017"
547,President Donald J. Trump’s Weekly Address,Statements & Releases,Economy & Jobs,"Apr 21, 2017"
548,"President Donald J. Trump Proclaims April 23 through April 29, 2017, as National Volunteer Week",Proclamations,Other,"Apr 21, 2017"
549,President Donald J. Trump Announces Intent to Nominate Personnel to Key Administration Posts,Nominations & Appointments,Other,"Apr 21, 2017"
550,President Trump Welcomes the New England Patriots to the White House,Other,Other,"Apr 20, 2017"
551,Remarks by the Vice President and Indonesian President Widodo to the Press,Remarks,Foreign Policy,"Apr 20, 2017"
552,Remarks by President Trump at Signing of the Memorandum Regarding the Investigation Pursuant to Section 232(B) of the Trade Expansion Act,Statements & Releases,Economy & Jobs,"Apr 20, 2017"
553,Readout of the Vice President’s Meeting with Vice President Jusuf Kalla and Indonesian Cabinet Ministers,Statements & Releases,Foreign Policy,"Apr 20, 2017"
554,Readout of the Vice President’s Meeting with Interfaith Religious Leaders,Statements & Releases,Foreign Policy,"Apr 20, 2017"
555,President Donald J. Trump: Standing up to Unfair Steel Trade Practices,Fact Sheets,Economy & Jobs,"Apr 20, 2017"
556,President Donald J. Trump Announces Key Additions to his Administration,Nominations & Appointments,Other,"Apr 20, 2017"
557,A Letter from the President to Certain Congressional Committee Chairs,Statements & Releases,Foreign Policy,"Apr 20, 2017"
558,Further Guidance for Ivanka Trump’s Visit to Germany for the W20 (Women’s 20) Summit in Berlin,Statements & Releases,Foreign Policy,"Apr 20, 2017"
559,The President and First Lady Host the 139th Easter Egg Roll,Other,Other,"Apr 19, 2017"
560,Get Out and Enjoy National Park Week,Other,Land & Agriculture,"Apr 19, 2017"
561,Remarks by the Vice President to US-Japanese Business Community,Remarks,Foreign Policy,"Apr 19, 2017"
562,Remarks by the Vice President Aboard USS Ronald Reagan,Remarks,Other,"Apr 19, 2017"
563,"Remarks by President Trump Welcoming the Super Bowl LI Champions, New England Patriots",Remarks,Other,"Apr 19, 2017"
564,"President Donald J. Trump Signs S.J.Res. 30, S.J.Res. 35, and S.J.Res. 36 into Law",Statements & Releases,Other,"Apr 19, 2017"
565,President Donald J. Trump Signs S. 544 into Law,Statements & Releases,Veterans,"Apr 19, 2017"
566,President Donald J. Trump to Host Videoconference Call with Record-Breaking NASA Astronaut Aboard the International Space Station,Statements & Releases,Infrastructure & Technology,"Apr 19, 2017"
567,"Remarks by President Trump on Buy American, Hire American Executive Order",Remarks,Economy & Jobs,"Apr 18, 2017"
568,"Press Gaggle by Principal Deputy Press Secretary Sarah Sanders en route Kenosha, WI,",Press Briefings,Other,"Apr 18, 2017"
569,President Trump Promotes “Buy American and Hire American”,Fact Sheets,Economy & Jobs,"Apr 18, 2017"
570,Presidential Executive Order on Buy American and Hire American,Executive Orders,Economy & Jobs,"Apr 18, 2017"
571,President Donald J. Trump Signs H.R. 353 into Law,Statements & Releases,Land & Agriculture,"Apr 18, 2017"
572,Joint Press Release from Vice President Mike Pence and Deputy Prime Minister Taro Aso on the U.S.-Japan Economic Dialogue,Statements & Releases,Foreign Policy,"Apr 18, 2017"
573,"Gaggle on Background on Buy American, Hire American Executive Order",Press Briefings,Other,"Apr 18, 2017"
574,"Senior Administration Officials Praise President Donald J. Trump’s Buy American, Hire American Executive Order",Statements & Releases,Economy & Jobs,"Apr 18, 2017"
575,Readout of the Vice President’s Meeting with Prime Minister Shinzo Abe,Statements & Releases,Foreign Policy,"Apr 17, 2017"
576,"Remarks to the Troops by the Vice President with Q&A, Demilitarized Zone, South Korea",Remarks,National Security & Defense,"Apr 17, 2017"
577,Remarks by President Trump and First Lady Melania Trump at the 2017 White House Easter Egg Roll,Remarks,Other,"Apr 17, 2017"
578,Readout of the Vice President’s Meeting with Speaker of the National Assembly Chung Sye-Kyun,Statements & Releases,Foreign Policy,"Apr 17, 2017"
579,Press Briefing by Press Secretary Sean Spicer,Press Briefings,Other,"Apr 17, 2017"
580,"Background Briefing on Buy American, Hire American Executive Order",Press Briefings,Economy & Jobs,"Apr 17, 2017"
581,"Remarks by the Vice President and Mrs. Pence to the Troops, Seoul, South Korea",Remarks,National Security & Defense,"Apr 16, 2017"
582,Remarks by the Vice President to the US/ROK Business Community,Remarks,Foreign Policy,"Apr 16, 2017"
583,Remarks by the Vice President and South Korean Acting President Hwang at a Joint Press Statement,Remarks,Foreign Policy,"Apr 14, 2017"
584,White House Commends Atlanta First Responders for Response to Interstate 85 Bridge Fire,Statements & Releases,Land & Agriculture,"Apr 14, 2017"
585,"Background Press Call on the Vice President’s Travel to South Korea, Japan, Indonesia, and Australia",Press Briefings,Foreign Policy,"Apr 14, 2017"
586,Second Lady Karen Pence to travel to the Asia-Pacific Region to Highlight Art Therapy and Recognize Military Service Members,Statements & Releases,Other,"Apr 14, 2017"
587,"President Donald J. Trump Proclaims April 15 through April 23, 2017, as National Park Week",Proclamations,Energy & Environment,"Apr 14, 2017"
588,Remarks by President Trump in Meeting with I-85 Bridge First Responders,Remarks,Other,"Apr 13, 2017"
589,Daily Press Briefing by Press Secretary Spicer,Press Briefings,Other,"Apr 13, 2017"
590,Supreme Court Justice Neil Gorsuch Sworn-in at the White House,Other,Law & Justice,"Apr 13, 2017"
591,President Trump Welcomes NATO Secretary General Stoltenberg to the White House,Other,Foreign Policy,"Apr 13, 2017"
592,Free and Fair Trade for American Workers and Businesses,Other,Economy & Jobs,"Apr 13, 2017"
593,President Donald J. Trump Signs H.J.Res. 43 into Law,Statements & Releases,Healthcare,"Apr 13, 2017"
594,Joint Press Conference of President Trump and NATO Secretary General Stoltenberg,Remarks,Foreign Policy,"Apr 12, 2017"
595,Background Briefing on the Visit of NATO Secretary General Jens Stoltenberg,Press Briefings,Other,"Apr 12, 2017"
596,Statement from the Press Secretary on the Visit of President Macri of Argentina,Statements & Releases,Other,"Apr 12, 2017"
597,Readout of President Donald J. Trump’s Call with President Xi Jinping of China,Statements & Releases,Foreign Policy,"Apr 12, 2017"
598,"President Trump: Creating an Efficient, Effective and Accountable Federal Government",Fact Sheets,Budget & Spending,"Apr 12, 2017"
599,Memorandum for the Director of the Federal Bureau,Presidential Memoranda,Other,"Apr 12, 2017"
600,Remarks by President Trump in Strategic and Policy CEO Discussion,Remarks,Economy & Jobs,"Apr 11, 2017"
601,On-the-Record Press Briefing on a Comprehensive Plan for Reforming the Federal Government and Reducing the Federal Civilian Workforce,Press Briefings,Other,"Apr 11, 2017"
602,Press Briefing by Press Secretary Sean Spicer,Press Briefings,Other,"Apr 11, 2017"
603,Background Press Briefing on Syria,Press Briefings,Other,"Apr 11, 2017"
604,Statement by the Press Secretary on Montenegro’s NATO Accession Protocol,Statements & Releases,Foreign Policy,"Apr 11, 2017"
605,A Letter from the President to the President of the Senate,Statements & Releases,Foreign Policy,"Apr 11, 2017"
606,Readout of President Donald J. Trump’s Call with Prime Minister Stefan Lofven of Sweden,Statements & Releases,Other,"Apr 10, 2017"
607,Readout of President Donald J. Trump’s Call with President Al Sisi of Egypt,Statements & Releases,Foreign Policy,"Apr 10, 2017"
608,Readout of President Donald J. Trump’s Call with the Commanding Officers of the USS Ross and USS Porter,Statements & Releases,National Security & Defense,"Apr 10, 2017"
609,President Donald J. Trump Announces Intent to Nominate Donald M. Benton to the United States Selective Service System,Nominations & Appointments,Other,"Apr 10, 2017"
610,Budgetary Impact Analysis for Executive Order Entitled “Providing an Order of Succession Within the Department of Justice”,Statements & Releases,Budget & Spending,"Apr 10, 2017"
611,Budgetary Impact Analysis for Executive Order Entitled “Omnibus Report on Significant Trade Deficits”,Statements & Releases,Budget & Spending,"Apr 10, 2017"
612,Budgetary Impact Analysis for Executive Order Entitled “Establishing Enhanced Collection and Enforcement of Antidumping and Countervailing Duties and Violations of Trade and Customs Laws”,Statements & Releases,Economy & Jobs,"Apr 10, 2017"
613,A Tribute to America’s Wounded Warriors,Other,Veterans,"Apr 10, 2017"
614,Unleashing American Business,Other,Economy & Jobs,"Apr 10, 2017"
615,Remarks by President Trump and Justice Gorsuch at Swearing-in of Justice Gorsuch to the Supreme Court,Remarks,Other,"Apr 10, 2017"
616,Daily Press Briefing by Press Secretary Sean Spicer,Press Briefings,Other,"Apr 10, 2017"
617,Readout of President Donald J. Trump’s Calls with Prime Minister Theresa May of the United Kingdom and Chancellor Angela Merkel of Germany,Statements & Releases,Foreign Policy,"Apr 10, 2017"
618,Readout of the President’s Call with King Salman bin Abd al-Aziz Al Saud of the Kingdom of Saudi Arabia,Statements & Releases,Foreign Policy,"Apr 8, 2017"
619,Readout of President Donald J. Trump’s Call with Acting President Hwang Kyo-Ahn of South Korea,Statements & Releases,Foreign Policy,"Apr 8, 2017"
620,A Letter from the President to the Speaker of the House of Representatives and the President Pro Tempore of the Senate,Statements & Releases,National Security & Defense,"Apr 8, 2017"
621,Statement from the Press Secretary on the United States-China Visit,Statements & Releases,Foreign Policy,"Apr 7, 2017"
622,Remarks by President Trump After Meeting with President Xi of China,Remarks,Foreign Policy,"Apr 7, 2017"
623,President Donald J. Trump’s Weekly Address,Statements & Releases,National Security & Defense,"Apr 7, 2017"
624,"President Donald J. Trump Proclaims April 9, 2017, as National Former Prisoner of War Recognition Day",Proclamations,Other,"Apr 7, 2017"
625,"President Donald J. Trump Proclaims April 14, 2017, as Pan American Day and April 9 through April 15, 2017, as Pan American Week",Proclamations,Other,"Apr 7, 2017"
626,President Donald J. Trump Congratulates Judge Neil M. Gorsuch on his Historic Confirmation,Statements & Releases,Other,"Apr 7, 2017"
627,Press Gaggle by Press Secretary Sean Spicer,Press Briefings,Other,"Apr 7, 2017"
628,"Briefing by Secretary Tillerson, Secretary Mnuchin, and Secretary Ross on President Trump’s Meetings with President Xi of China",Press Briefings,Other,"Apr 7, 2017"
629,Honoring our Heroes’ Sacrifice,Other,Veterans,"Apr 7, 2017"
630,"Vice President Mike Pence to Travel to the Republic of Korea, Japan, Indonesia, Australia, and Hawaii",Statements & Releases,Foreign Policy,"Apr 6, 2017"
631,Three Nominations Sent to the Senate Today,Nominations & Appointments,Other,"Apr 6, 2017"
632,"President Donald J. Trump Proclaims April 7, 2017, as Education and Sharing Day, U.S.A.",Proclamations,Education,"Apr 6, 2017"
633,President Donald J. Trump Announces Intent to Nominate Derek Kan to the Department of Transportation,Nominations & Appointments,Other,"Apr 6, 2017"
634,Notice Regarding the Continuation of the National Emergency with Respect to Somalia,Statements & Releases,National Security & Defense,"Apr 6, 2017"
635,White House History: White House Easter Egg Roll,Other,Other,"Apr 6, 2017"
636,"Remarks by President Trump to the Press — Aboard Air Force One En Route West Palm Beach, Florida",Press Briefings,Other,"Apr 6, 2017"
637,Remarks by President Trump and Vice President Pence at the Wounded Warrior Project Soldier Ride Event,Remarks,Other,"Apr 6, 2017"
638,"Press Gaggle by Press Secretary Sean Spicer en route Palm Beach, FL",Press Briefings,Other,"Apr 6, 2017"
639,Press Briefing by Secretary of State Rex Tillerson and National Security Advisor General H.R. McMaster,Press Briefings,Other,"Apr 6, 2017"
640,Statement from the Press Secretary on the Decline in Southwest Border Apprehensions,Statements & Releases,Immigration,"Apr 5, 2017"
641,Statement from the Press Secretary on Gold Star Wives Day,Statements & Releases,Other,"Apr 5, 2017"
642,Statement from the Press Secretary on the Decline in Southwest Border Apprehensions,Statements & Releases,National Security & Defense,"Apr 5, 2017"
643,Readout of President Donald J. Trump’s Call with Prime Minister Shinzo Abe of Japan,Statements & Releases,Foreign Policy,"Apr 5, 2017"
644,Readout of President Donald J. Trump’s Call with Chancellor Angela Merkel of Germany,Statements & Releases,Foreign Policy,"Apr 5, 2017"
645,Readout of First Lady Melania Trump’s Visit to Excel Academy Public Charter School with Queen Rania of Jordan,Statements & Releases,Other,"Apr 5, 2017"
646,A Proclamation by President Donald J. Trump Honoring the Memory of John Glenn,Proclamations,Other,"Apr 5, 2017"
647,First Lady Melania Trump to Host Queen Rania of Jordan,Statements & Releases,Foreign Policy,"Apr 5, 2017"
648,Remarks by President Trump and His Majesty King Abdullah II of Jordan in Joint Press Conference,Remarks,Foreign Policy,"Apr 5, 2017"
649,Press Briefing on the Congressional Review Act,Press Briefings,Other,"Apr 5, 2017"
650,Press Gaggle by Press Secretary Sean Spicer,Press Briefings,Other,"Apr 4, 2017"
651,Remarks by President Trump at 2017 North America’s Building Trades Unions National Legislative Conference,Remarks,Other,"Apr 4, 2017"
652,Two Nominations Delivered to the Senate Today,Nominations & Appointments,Other,"Apr 4, 2017"
653,Statement from President Donald J. Trump,Statements & Releases,National Security & Defense,"Apr 4, 2017"
654,UPDATE: Confirming Judge Neil Gorsuch to the Supreme Court,Other,Law & Justice,"Apr 4, 2017"
655,President Donald J. Trump Announces Intent to Nominate Heath P. Tarbert to the Department of the Treasury,Nominations & Appointments,Other,"Apr 4, 2017"
656,National Security Presidential Memorandum,Presidential Memoranda,National Security & Defense,"Apr 4, 2017"
657,Background Briefing by Senior Administration Officials on the Visit of President Xi Jinping of the People’s Republic of China,Press Briefings,Other,"Apr 4, 2017"
658,Remarks by President Trump and Vice President Pence at CEO Town Hall on Unleashing American Business,Remarks,Economy & Jobs,"Apr 4, 2017"
659,Press Gaggle by Press Secretary Sean Spicer,Press Briefings,Other,"Apr 4, 2017"
660,Press Briefing by Press Secretary Sean Spicer,Press Briefings,Other,"Apr 3, 2017"
661,"President Donald J. Trump Signs H.J.Res. 69, H.J.Res. 83, H.R. 1228, S.J.Res. 34 into Law",Statements & Releases,Law & Justice,"Apr 3, 2017"
662,"President Donald J. Trump Proclaims April 2 through April 8, 2017, as National Crime Victims’ Rights Week",Proclamations,Law & Justice,"Apr 3, 2017"
663,President Donald J. Trump Announces Intent to Nominate Dan R. Brouillette to the Department of Energy,Nominations & Appointments,Energy & Environment,"Apr 3, 2017"
664,"Memorandum for the National Commission on Military, National, and Public Service",Presidential Memoranda,National Security & Defense,"Apr 3, 2017"
665,AP on President Trump keeping his promises to overturn President Obama’s destructive policies,News Clips,Law & Justice,"Apr 3, 2017"
666,Manufacturers Confident About President Trump’s Economic Agenda,Other,Economy & Jobs,"Apr 3, 2017"
667,White House Releases Official Portrait of First Lady Melania Trump,Statements & Releases,Other,"Apr 3, 2017"
668,Readout of President Donald J. Trump’s Meeting with President Abdel Fattah Al Sisi of Egypt,Statements & Releases,Foreign Policy,"Apr 3, 2017"
669,Readout of President Donald J. Trump’s Call with President Vladimir Putin of the Russian Federation,Statements & Releases,Foreign Policy,"Apr 3, 2017"
670,Readout of President Donald J. Trump’s Call with President Pedro Pablo Kuczynski of Peru,Statements & Releases,Foreign Policy,"Apr 3, 2017"
671,President Trump Approves California Disaster Declaration,Statements & Releases,Land & Agriculture,"Apr 2, 2017"
672,Remarks by the Vice President to Dynalab Inc.,Remarks,Budget & Spending,"Apr 1, 2017"
673,President Trump Restores Confidence in the American Economy,Fact Sheets,Economy & Jobs,"Mar 31, 2017"
674,Presidential Executive Order on Providing an Order of Succession Within the Department of Justice,Executive Orders,Law & Justice,"Mar 31, 2017"
675,Presidential Executive Order on Establishing Enhanced Collection and Enforcement of Antidumping and Countervailing Duties and Violations of Trade and Customs Laws,Executive Orders,Economy & Jobs,"Mar 31, 2017"
676,President Donald J. Trump’s Weekly Address,Statements & Releases,Law & Justice,"Mar 31, 2017"
677,"President Donald J. Trump Proclaims April 2, 2017 as World Autism Awareness Day",Proclamations,Healthcare,"Mar 31, 2017"
678,President Donald J. Trump Proclaims April 2017 as National Sexual Assault Awareness and Prevention Month,Proclamations,Law & Justice,"Mar 31, 2017"
679,President Donald J. Trump Proclaims April 2017 as National Financial Capability Month,Proclamations,Economy & Jobs,"Mar 31, 2017"
680,President Donald J. Trump Proclaims April 2017 as National Donate Life Month,Proclamations,Healthcare,"Mar 31, 2017"
681,President Donald J. Trump Proclaims April 2017 as National Child Abuse Prevention Month,Proclamations,Law & Justice,"Mar 31, 2017"
682,The Gorsuch Process: Unprecedented Access and Transparency,Fact Sheets,Law & Justice,"Mar 31, 2017"
683,Daily Press Briefing by Press Secretary Sean Spicer,Press Briefings,Other,"Mar 31, 2017"
684,Background Press Briefing on the Upcoming Visits of President al-Sisi of Egypt and His Majesty King Abdullah II of Jordan,Press Briefings,Other,"Mar 31, 2017"
685,Background Press Briefing on Financial Disclosure Forms,Press Briefings,Other,"Mar 31, 2017"
686,Remarks by President Trump et al. at Signing of Trade Executive Orders,Remarks,Economy & Jobs,"Mar 31, 2017"
687,President Donald J. Trump Signs H.J.Res. 42 into Law,Statements & Releases,Other,"Mar 31, 2017"
688,President Trump’s Weekly Address to the Nation,Other,Other,"Mar 31, 2017"
689,President Trump and the First Lady Host the Women’s Empowerment Panel,Other,Other,"Mar 31, 2017"
690,President Donald J. Trump meets with Danish Prime Minister Lars Lokke Rasmussen,Other,Foreign Policy,"Mar 31, 2017"
691,Director Mick Mulvaney: Transforming President Donald J. Trump’s Vision into Reality,Other,Budget & Spending,"Mar 31, 2017"
692,Press Briefing by Press Secretary Sean Spicer,Press Briefings,Other,"Mar 30, 2017"
693,Joint Readout of Meeting Between President Donald J. Trump and Danish Prime Minister Lars Lokke Rasmussen,Statements & Releases,Foreign Policy,"Mar 30, 2017"
694,President Donald J. Trump Announces Key Administration Posts,Nominations & Appointments,Other,"Mar 30, 2017"
695,White House History: White House Easter Egg Roll,Other,Other,"Mar 30, 2017"
696,President Trump Eliminates Job-Killing Regulations,Other,Economy & Jobs,"Mar 30, 2017"
697,President Donald J. Trump Signs an Executive Order Establishing the President’s Commission on Combating Drug Addiction and the Opioid Crisis,Executive Orders,Healthcare,"Mar 29, 2017"
698,Remarks by President Trump at Women’s Empowerment Panel,Remarks,Other,"Mar 29, 2017"
699,Remarks by President Trump in Listening Session on Opioids and Drug Abuse,Remarks,Healthcare,"Mar 29, 2017"
700,Readout of the President’s Call with Prime Minister Haider al-Abadi of Iraq,Statements & Releases,Foreign Policy,"Mar 29, 2017"
701,Trump’s Energy Progress,News Clips,Energy & Environment,"Mar 29, 2017"
702,First Lady Melania Trump to Honor International Women of Courage,Statements & Releases,Other,"Mar 29, 2017"
703,Daily Press Briefing by Press Secretary Sean Spicer,Press Briefings,Other,"Mar 29, 2017"
704,Remarks by Vice President and Ambassador Friedman at a Swearing-in Ceremony,Remarks,Other,"Mar 29, 2017"
705,Statement by the Press Secretary on the Visit of President Al Sisi of Egypt,Statements & Releases,Foreign Policy,"Mar 28, 2017"
706,Remarks by President Trump in Listening Session with the Fraternal Order of Police,Remarks,Law & Justice,"Mar 28, 2017"
707,Readout of the President’s Call with the Chancellor of Germany,Statements & Releases,Other,"Mar 28, 2017"
708,President Trump’s Energy Independence Policy,Fact Sheets,Energy & Environment,"Mar 28, 2017"
709,President Trump Approves Nevada Disaster Declaration,Statements & Releases,Land & Agriculture,"Mar 28, 2017"
710,Presidential Executive Order on Promoting Energy Independence and Economic Growth,Executive Orders,Energy & Environment,"Mar 28, 2017"
711,Readout of the President’s Call with the Prime Minister of India,Statements & Releases,Foreign Policy,"Mar 28, 2017"
712,President and First Lady Host Bi-Partisan Reception for Senators at the White House,Statements & Releases,Other,"Mar 28, 2017"
713,Daily Press Briefing by Press Secretary Sean Spicer,Press Briefings,Other,"Mar 28, 2017"
714,Remarks by President Trump at Signing of Executive Order to Create Energy Independence,Remarks,Energy & Environment,"Mar 28, 2017"
715,President Donald J. Trump Signs S. 305 into Law,Statements & Releases,Veterans,"Mar 28, 2017"
716,Remarks by President Trump and Vice President Pence in Roundtable with Women Small Business Owners,Remarks,Economy & Jobs,"Mar 27, 2017"
717,President Trump Takes Action to Get Washington Out of the Way,Fact Sheets,Budget & Spending,"Mar 27, 2017"
718,Press Briefing by Press Secretary Sean Spicer,Press Briefings,Other,"Mar 27, 2017"
719,"Remarks by the President on Signing House Joint Resolutions 37, 44, 57, and 58 under the Congressional Review Act",Remarks,Other,"Mar 27, 2017"
720,Presidential Memorandum on The White House Office of American Innovation,Presidential Memoranda,Other,"Mar 27, 2017"
721,Presidential Executive Order on the Revocation of Federal Contracting Executive Orders,Executive Orders,Budget & Spending,"Mar 27, 2017"
722,"President Donald J. Trump Signs H.J.Res. 37, H.J.Res. 44, H.J.Res. 57, and H.J.Res. 58 into Law",Statements & Releases,Other,"Mar 27, 2017"
723,President Donald J. Trump Announces the White House Office of American Innovation (OAI),Statements & Releases,Other,"Mar 27, 2017"
724,President Donald J. Trump Sends Nominations to the Senate,Statements & Releases,Other,"Mar 27, 2017"
725,President Donald J. Trump Announces Intent to Nominate Makan Delrahim to the Department of Justice,Nominations & Appointments,Other,"Mar 27, 2017"
726,WSJ Praise For Trump Tax Reform Plan,News Clips,Budget & Spending,"Mar 27, 2017"
727,Remarks by the Vice President in West Virginia,Remarks,Economy & Jobs,"Mar 25, 2017"
728,President Donald J. Trump’s Weekly Address,Statements & Releases,Infrastructure & Technology,"Mar 25, 2017"
729,Statement by the Press Secretary on the 60th Anniversary of the Treaties of Rome,Statements & Releases,Foreign Policy,"Mar 24, 2017"
730,Remarks by the President in TransCanada Keystone XL Pipeline Announcement,Remarks,Energy & Environment,"Mar 24, 2017"
731,Remarks by President Trump at Jobs Announcement with Charter Communications,Remarks,Economy & Jobs,"Mar 24, 2017"
732,Remarks by President Trump at Greek Independence Day Celebration,Remarks,Other,"Mar 24, 2017"
733,"President Donald J. Trump Proclaims March 25, 2017, as Greek Independence Day: A National Day of Celebration of Greek and American Democracy",Proclamations,Other,"Mar 24, 2017"
734,Daily Press Briefing by Press Secretary Sean Spicer,Press Briefings,Other,"Mar 24, 2017"
735,Statement by the Press Secretary on the Visit of Prime Minister Lars Lokke Rasmussen of Denmark,Statements & Releases,Foreign Policy,"Mar 23, 2017"
736,Readout of President Donald J. Trump’s Meeting with Members of the House Freedom Caucus,Statements & Releases,Healthcare,"Mar 23, 2017"
737,"Joint Readout United States-Israeli Consultations March 20-23, 2017",Statements & Releases,Foreign Policy,"Mar 23, 2017"
738,Remarks by the President in Meeting with Truckers and CEOS on Healthcare,Remarks,Healthcare,"Mar 23, 2017"
739,Readout of the Vice President’s Meeting with President Juan Orlando Hernandez of Honduras,Statements & Releases,Foreign Policy,"Mar 23, 2017"
740,Message to the Congress Regarding the Continuation of the National Emergency with Respect to South Sudan,Presidential Memoranda,National Security & Defense,"Mar 23, 2017"
741,Why Business Supports The House Republican Healthcare Plan,News Clips,Healthcare,"Mar 23, 2017"
742,Daily Press Briefing by the Press Secretary,Press Briefings,Other,"Mar 23, 2017"
743,President Donald J. Trump Announces Intent to Nominate Personnel to Key Administration Posts,Nominations & Appointments,Other,"Mar 23, 2017"
744,"Overwhelming, Bipartisan Support for Supreme Court Nominee Judge Gorsuch",Other,Law & Justice,"Mar 22, 2017"
745,White House to Make Financial Disclosures Public,Statements & Releases,Other,"Mar 22, 2017"
746,Remarks by President Trump Before Meeting with Members of the Congressional Black Caucus,Remarks,Other,"Mar 22, 2017"
747,Remarks by President Trump and Administrator Seema Verma in Women in Healthcare Panel Meeting,Remarks,Healthcare,"Mar 22, 2017"
748,Readout of the Vice President’s Meeting with U.K. Foreign Secretary Boris Johnson,Statements & Releases,Foreign Policy,"Mar 22, 2017"
749,Readout of the Vice President’s Meeting with EU High Representative and Vice President Federica Mogherini,Statements & Releases,Foreign Policy,"Mar 22, 2017"
750,Readout of the President’s Meeting with the Congressional Black Caucus,Statements & Releases,Other,"Mar 22, 2017"
751,White House Director of Legislative Affairs Announces Legislative Affairs Staff Appointments,Statements & Releases,Other,"Mar 22, 2017"
752,Readout of the President’s Call with Prime Minister Theresa May of the United Kingdom,Statements & Releases,Foreign Policy,"Mar 22, 2017"
753,Press Briefing by Press Secretary Sean Spicer,Press Briefings,Other,"Mar 22, 2017"
754,President Trump Approves Wyoming Disaster Declaration,Statements & Releases,Land & Agriculture,"Mar 22, 2017"
755,The Detroit News: Judge Gorsuch “the very image of a thoughtful jurist”,Statements & Releases,Law & Justice,"Mar 22, 2017"
756,Senate Hearings to Confirm Judge Neil Gorsuch to the Supreme Court Begin This Week,Other,Law & Justice,"Mar 21, 2017"
757,"Remarks by the President at Signing of S.442, National Aeronautics and Space Administration Transition Authorization Act of 2017",Remarks,Infrastructure & Technology,"Mar 21, 2017"
758,President Trump Sends Nominations to the Senate,Nominations & Appointments,Other,"Mar 21, 2017"
759,President Donald J. Trump Signs S. 442 into Law,Statements & Releases,Infrastructure & Technology,"Mar 21, 2017"
